contig	start	end	strand	gene_id	name	attributes
Gm15	4735	11816	-	Glyma.15G000100.Wm82.a6.v1	Glyma.15G000100	ID=Glyma.15G000100.Wm82.a6.v1;Name=Glyma.15G000100;ancestorIdentifier=Glyma.15G000100.Wm82.a4.v1
Gm15	26851	52736	+	Glyma.15G000300.Wm82.a6.v1	Glyma.15G000300	ID=Glyma.15G000300.Wm82.a6.v1;Name=Glyma.15G000300;ancestorIdentifier=Glyma.15G000300.Wm82.a4.v1
Gm15	54505	58264	+	Glyma.15G000400.Wm82.a6.v1	Glyma.15G000400	ID=Glyma.15G000400.Wm82.a6.v1;Name=Glyma.15G000400;ancestorIdentifier=Glyma.15G000400.Wm82.a4.v1
Gm15	61150	63758	+	Glyma.15G000600.Wm82.a6.v1	Glyma.15G000600	ID=Glyma.15G000600.Wm82.a6.v1;Name=Glyma.15G000600;ancestorIdentifier=Glyma.15G000600.Wm82.a4.v1
Gm15	72335	76967	+	Glyma.15G000700.Wm82.a6.v1	Glyma.15G000700	ID=Glyma.15G000700.Wm82.a6.v1;Name=Glyma.15G000700;ancestorIdentifier=Glyma.15G000700.Wm82.a4.v1
Gm15	79986	90456	+	Glyma.15G000800.Wm82.a6.v1	Glyma.15G000800	ID=Glyma.15G000800.Wm82.a6.v1;Name=Glyma.15G000800;ancestorIdentifier=Glyma.15G000800.Wm82.a4.v1
Gm15	85297	112375	-	Glyma.15G000900.Wm82.a6.v1	Glyma.15G000900	ID=Glyma.15G000900.Wm82.a6.v1;Name=Glyma.15G000900;ancestorIdentifier=Glyma.15G000900.Wm82.a4.v1
Gm15	119461	120550	+	Glyma.15G001000.Wm82.a6.v1	Glyma.15G001000	ID=Glyma.15G001000.Wm82.a6.v1;Name=Glyma.15G001000;ancestorIdentifier=Glyma.15G001000.Wm82.a4.v1
Gm15	122458	127990	+	Glyma.15G001100.Wm82.a6.v1	Glyma.15G001100	ID=Glyma.15G001100.Wm82.a6.v1;Name=Glyma.15G001100;ancestorIdentifier=Glyma.15G001100.Wm82.a4.v1
Gm15	129883	134050	-	Glyma.15G001200.Wm82.a6.v1	Glyma.15G001200	ID=Glyma.15G001200.Wm82.a6.v1;Name=Glyma.15G001200;ancestorIdentifier=Glyma.15G001200.Wm82.a4.v1
Gm15	136088	155357	+	Glyma.15G001300.Wm82.a6.v1	Glyma.15G001300	ID=Glyma.15G001300.Wm82.a6.v1;Name=Glyma.15G001300;ancestorIdentifier=Glyma.15G001300.Wm82.a4.v1
Gm15	155405	158926	-	Glyma.15G001400.Wm82.a6.v1	Glyma.15G001400	ID=Glyma.15G001400.Wm82.a6.v1;Name=Glyma.15G001400;ancestorIdentifier=Glyma.15G001400.Wm82.a4.v1
Gm15	169941	174212	-	Glyma.15G001500.Wm82.a6.v1	Glyma.15G001500	ID=Glyma.15G001500.Wm82.a6.v1;Name=Glyma.15G001500;ancestorIdentifier=Glyma.15G001500.Wm82.a4.v1
Gm15	185888	193089	+	Glyma.15G001600.Wm82.a6.v1	Glyma.15G001600	ID=Glyma.15G001600.Wm82.a6.v1;Name=Glyma.15G001600;ancestorIdentifier=Glyma.15G001600.Wm82.a4.v1
Gm15	194584	198590	-	Glyma.15G001700.Wm82.a6.v1	Glyma.15G001700	ID=Glyma.15G001700.Wm82.a6.v1;Name=Glyma.15G001700;ancestorIdentifier=Glyma.15G001700.Wm82.a4.v1
Gm15	199501	202552	+	Glyma.15G001800.Wm82.a6.v1	Glyma.15G001800	ID=Glyma.15G001800.Wm82.a6.v1;Name=Glyma.15G001800;ancestorIdentifier=Glyma.15G001800.Wm82.a4.v1
Gm15	203571	205047	-	Glyma.15G001850.Wm82.a6.v1	Glyma.15G001850	ID=Glyma.15G001850.Wm82.a6.v1;Name=Glyma.15G001850;ancestorIdentifier=GmISU01.15G001700.v1.1
Gm15	210055	211472	+	Glyma.15G001900.Wm82.a6.v1	Glyma.15G001900	ID=Glyma.15G001900.Wm82.a6.v1;Name=Glyma.15G001900;ancestorIdentifier=Glyma.15G001900.Wm82.a4.v1
Gm15	213328	216761	+	Glyma.15G002002.Wm82.a6.v1	Glyma.15G002002	ID=Glyma.15G002002.Wm82.a6.v1;Name=Glyma.15G002002;ancestorIdentifier=Glyma.15G002002.Wm82.a4.v1
Gm15	216761	220063	-	Glyma.15G002100.Wm82.a6.v1	Glyma.15G002100	ID=Glyma.15G002100.Wm82.a6.v1;Name=Glyma.15G002100;ancestorIdentifier=Glyma.15G002100.Wm82.a4.v1
Gm15	224099	227580	-	Glyma.15G002200.Wm82.a6.v1	Glyma.15G002200	ID=Glyma.15G002200.Wm82.a6.v1;Name=Glyma.15G002200;ancestorIdentifier=Glyma.15G002200.Wm82.a4.v1
Gm15	227581	230259	-	Glyma.15G002300.Wm82.a6.v1	Glyma.15G002300	ID=Glyma.15G002300.Wm82.a6.v1;Name=Glyma.15G002300;ancestorIdentifier=Glyma.15G002300.Wm82.a4.v1
Gm15	237114	242029	-	Glyma.15G002400.Wm82.a6.v1	Glyma.15G002400	ID=Glyma.15G002400.Wm82.a6.v1;Name=Glyma.15G002400;ancestorIdentifier=Glyma.15G002400.Wm82.a4.v1
Gm15	244472	245167	-	Glyma.15G002500.Wm82.a6.v1	Glyma.15G002500	ID=Glyma.15G002500.Wm82.a6.v1;Name=Glyma.15G002500;ancestorIdentifier=Glyma.15G002500.Wm82.a4.v1
Gm15	260473	265969	+	Glyma.15G002700.Wm82.a6.v1	Glyma.15G002700	ID=Glyma.15G002700.Wm82.a6.v1;Name=Glyma.15G002700;ancestorIdentifier=Glyma.15G002700.Wm82.a4.v1
Gm15	266499	268350	+	Glyma.15G002750.Wm82.a6.v1	Glyma.15G002750	ID=Glyma.15G002750.Wm82.a6.v1;Name=Glyma.15G002750;ancestorIdentifier=Glyma.15G002750.Wm82.a4.v1
Gm15	271637	274623	-	Glyma.15G002900.Wm82.a6.v1	Glyma.15G002900	ID=Glyma.15G002900.Wm82.a6.v1;Name=Glyma.15G002900;ancestorIdentifier=Glyma.15G002900.Wm82.a4.v1
Gm15	278147	280132	-	Glyma.15G003000.Wm82.a6.v1	Glyma.15G003000	ID=Glyma.15G003000.Wm82.a6.v1;Name=Glyma.15G003000;ancestorIdentifier=Glyma.15G003000.Wm82.a4.v1
Gm15	279698	282802	+	Glyma.15G003100.Wm82.a6.v1	Glyma.15G003100	ID=Glyma.15G003100.Wm82.a6.v1;Name=Glyma.15G003100;ancestorIdentifier=Glyma.15G003100.Wm82.a4.v1
Gm15	284139	290402	+	Glyma.15G003200.Wm82.a6.v1	Glyma.15G003200	ID=Glyma.15G003200.Wm82.a6.v1;Name=Glyma.15G003200;ancestorIdentifier=Glyma.15G003200.Wm82.a4.v1
Gm15	293971	296027	-	Glyma.15G003300.Wm82.a6.v1	Glyma.15G003300	ID=Glyma.15G003300.Wm82.a6.v1;Name=Glyma.15G003300;ancestorIdentifier=Glyma.15G003300.Wm82.a4.v1
Gm15	313185	317083	+	Glyma.15G003400.Wm82.a6.v1	Glyma.15G003400	ID=Glyma.15G003400.Wm82.a6.v1;Name=Glyma.15G003400;ancestorIdentifier=Glyma.15G003400.Wm82.a4.v1
Gm15	327398	335231	+	Glyma.15G003500.Wm82.a6.v1	Glyma.15G003500	ID=Glyma.15G003500.Wm82.a6.v1;Name=Glyma.15G003500;ancestorIdentifier=Glyma.15G003500.Wm82.a4.v1
Gm15	335845	338769	-	Glyma.15G003600.Wm82.a6.v1	Glyma.15G003600	ID=Glyma.15G003600.Wm82.a6.v1;Name=Glyma.15G003600;ancestorIdentifier=Glyma.15G003600.Wm82.a4.v1
Gm15	344961	347034	-	Glyma.15G003700.Wm82.a6.v1	Glyma.15G003700	ID=Glyma.15G003700.Wm82.a6.v1;Name=Glyma.15G003700;ancestorIdentifier=Glyma.15G003700.Wm82.a4.v1
Gm15	352449	352625	-	Glyma.15G003800.Wm82.a6.v1	Glyma.15G003800	ID=Glyma.15G003800.Wm82.a6.v1;Name=Glyma.15G003800;ancestorIdentifier=Glyma.15G003800.Wm82.a4.v1
Gm15	357518	361764	+	Glyma.15G003900.Wm82.a6.v1	Glyma.15G003900	ID=Glyma.15G003900.Wm82.a6.v1;Name=Glyma.15G003900;ancestorIdentifier=Glyma.15G003900.Wm82.a4.v1
Gm15	360994	363106	-	Glyma.15G004000.Wm82.a6.v1	Glyma.15G004000	ID=Glyma.15G004000.Wm82.a6.v1;Name=Glyma.15G004000;ancestorIdentifier=Glyma.15G004000.Wm82.a4.v1
Gm15	372484	374266	+	Glyma.15G004100.Wm82.a6.v1	Glyma.15G004100	ID=Glyma.15G004100.Wm82.a6.v1;Name=Glyma.15G004100;ancestorIdentifier=Glyma.15G004100.Wm82.a4.v1
Gm15	386821	387778	+	Glyma.15G004200.Wm82.a6.v1	Glyma.15G004200	ID=Glyma.15G004200.Wm82.a6.v1;Name=Glyma.15G004200;ancestorIdentifier=Glyma.15G004200.Wm82.a4.v1
Gm15	391444	395791	+	Glyma.15G004300.Wm82.a6.v1	Glyma.15G004300	ID=Glyma.15G004300.Wm82.a6.v1;Name=Glyma.15G004300;ancestorIdentifier=Glyma.15G004300.Wm82.a4.v1
Gm15	402665	404703	+	Glyma.15G004500.Wm82.a6.v1	Glyma.15G004500	ID=Glyma.15G004500.Wm82.a6.v1;Name=Glyma.15G004500;ancestorIdentifier=Glyma.15G004500.Wm82.a4.v1
Gm15	404704	405682	-	Glyma.15G004600.Wm82.a6.v1	Glyma.15G004600	ID=Glyma.15G004600.Wm82.a6.v1;Name=Glyma.15G004600;ancestorIdentifier=Glyma.15G004600.Wm82.a4.v1
Gm15	406435	411827	-	Glyma.15G004700.Wm82.a6.v1	Glyma.15G004700	ID=Glyma.15G004700.Wm82.a6.v1;Name=Glyma.15G004700;ancestorIdentifier=Glyma.15G004700.Wm82.a4.v1
Gm15	425806	430859	+	Glyma.15G004800.Wm82.a6.v1	Glyma.15G004800	ID=Glyma.15G004800.Wm82.a6.v1;Name=Glyma.15G004800;ancestorIdentifier=Glyma.15G004800.Wm82.a4.v1
Gm15	432920	436149	-	Glyma.15G004900.Wm82.a6.v1	Glyma.15G004900	ID=Glyma.15G004900.Wm82.a6.v1;Name=Glyma.15G004900;ancestorIdentifier=Glyma.15G004900.Wm82.a4.v1
Gm15	440831	445502	-	Glyma.15G005000.Wm82.a6.v1	Glyma.15G005000	ID=Glyma.15G005000.Wm82.a6.v1;Name=Glyma.15G005000;ancestorIdentifier=Glyma.15G005000.Wm82.a4.v1
Gm15	448184	448978	-	Glyma.15G005050.Wm82.a6.v1	Glyma.15G005050	ID=Glyma.15G005050.Wm82.a6.v1;Name=Glyma.15G005050;ancestorIdentifier=GmISU01.15G004600.v1.1
Gm15	453784	458993	+	Glyma.15G005100.Wm82.a6.v1	Glyma.15G005100	ID=Glyma.15G005100.Wm82.a6.v1;Name=Glyma.15G005100;ancestorIdentifier=Glyma.15G005100.Wm82.a4.v1
Gm15	460457	463687	+	Glyma.15G005201.Wm82.a6.v1	Glyma.15G005201	ID=Glyma.15G005201.Wm82.a6.v1;Name=Glyma.15G005201;ancestorIdentifier=GmISU01.15G004800.v1.1
Gm15	464692	468251	-	Glyma.15G005300.Wm82.a6.v1	Glyma.15G005300	ID=Glyma.15G005300.Wm82.a6.v1;Name=Glyma.15G005300;ancestorIdentifier=Glyma.15G005300.Wm82.a4.v1
Gm15	470555	476454	-	Glyma.15G005400.Wm82.a6.v1	Glyma.15G005400	ID=Glyma.15G005400.Wm82.a6.v1;Name=Glyma.15G005400;ancestorIdentifier=Glyma.15G005400.Wm82.a4.v1
Gm15	480800	492962	+	Glyma.15G005500.Wm82.a6.v1	Glyma.15G005500	ID=Glyma.15G005500.Wm82.a6.v1;Name=Glyma.15G005500;ancestorIdentifier=Glyma.15G005500.Wm82.a4.v1
Gm15	494585	495465	+	Glyma.15G005600.Wm82.a6.v1	Glyma.15G005600	ID=Glyma.15G005600.Wm82.a6.v1;Name=Glyma.15G005600;ancestorIdentifier=Glyma.15G005600.Wm82.a4.v1
Gm15	500135	502935	-	Glyma.15G005800.Wm82.a6.v1	Glyma.15G005800	ID=Glyma.15G005800.Wm82.a6.v1;Name=Glyma.15G005800;ancestorIdentifier=Glyma.15G005800.Wm82.a4.v1
Gm15	505427	507742	+	Glyma.15G005900.Wm82.a6.v1	Glyma.15G005900	ID=Glyma.15G005900.Wm82.a6.v1;Name=Glyma.15G005900;ancestorIdentifier=Glyma.15G005900.Wm82.a4.v1
Gm15	512892	515205	+	Glyma.15G006000.Wm82.a6.v1	Glyma.15G006000	ID=Glyma.15G006000.Wm82.a6.v1;Name=Glyma.15G006000;ancestorIdentifier=Glyma.15G006000.Wm82.a4.v1
Gm15	531072	539602	+	Glyma.15G006100.Wm82.a6.v1	Glyma.15G006100	ID=Glyma.15G006100.Wm82.a6.v1;Name=Glyma.15G006100;ancestorIdentifier=Glyma.15G006100.Wm82.a4.v1
Gm15	538948	540482	-	Glyma.15G006200.Wm82.a6.v1	Glyma.15G006200	ID=Glyma.15G006200.Wm82.a6.v1;Name=Glyma.15G006200;ancestorIdentifier=Glyma.15G006200.Wm82.a4.v1
Gm15	543433	547427	-	Glyma.15G006300.Wm82.a6.v1	Glyma.15G006300	ID=Glyma.15G006300.Wm82.a6.v1;Name=Glyma.15G006300;ancestorIdentifier=Glyma.15G006300.Wm82.a4.v1
Gm15	548740	551861	-	Glyma.15G006400.Wm82.a6.v1	Glyma.15G006400	ID=Glyma.15G006400.Wm82.a6.v1;Name=Glyma.15G006400;ancestorIdentifier=Glyma.15G006400.Wm82.a4.v1
Gm15	552818	556184	-	Glyma.15G006500.Wm82.a6.v1	Glyma.15G006500	ID=Glyma.15G006500.Wm82.a6.v1;Name=Glyma.15G006500;ancestorIdentifier=Glyma.15G006500.Wm82.a4.v1
Gm15	560866	564665	+	Glyma.15G006600.Wm82.a6.v1	Glyma.15G006600	ID=Glyma.15G006600.Wm82.a6.v1;Name=Glyma.15G006600;ancestorIdentifier=Glyma.15G006600.Wm82.a4.v1
Gm15	564374	568646	-	Glyma.15G006700.Wm82.a6.v1	Glyma.15G006700	ID=Glyma.15G006700.Wm82.a6.v1;Name=Glyma.15G006700;ancestorIdentifier=Glyma.15G006700.Wm82.a4.v1
Gm15	568755	569301	+	Glyma.15G006800.Wm82.a6.v1	Glyma.15G006800	ID=Glyma.15G006800.Wm82.a6.v1;Name=Glyma.15G006800;ancestorIdentifier=Glyma.15G006800.Wm82.a4.v1
Gm15	569597	579625	-	Glyma.15G006900.Wm82.a6.v1	Glyma.15G006900	ID=Glyma.15G006900.Wm82.a6.v1;Name=Glyma.15G006900;ancestorIdentifier=Glyma.15G006900.Wm82.a4.v1
Gm15	580707	584076	-	Glyma.15G007000.Wm82.a6.v1	Glyma.15G007000	ID=Glyma.15G007000.Wm82.a6.v1;Name=Glyma.15G007000;ancestorIdentifier=Glyma.15G007000.Wm82.a4.v1
Gm15	586366	598335	+	Glyma.15G007100.Wm82.a6.v1	Glyma.15G007100	ID=Glyma.15G007100.Wm82.a6.v1;Name=Glyma.15G007100;ancestorIdentifier=Glyma.15G007100.Wm82.a4.v1
Gm15	598447	601695	-	Glyma.15G007200.Wm82.a6.v1	Glyma.15G007200	ID=Glyma.15G007200.Wm82.a6.v1;Name=Glyma.15G007200;ancestorIdentifier=Glyma.15G007200.Wm82.a4.v1
Gm15	609247	611959	+	Glyma.15G007300.Wm82.a6.v1	Glyma.15G007300	ID=Glyma.15G007300.Wm82.a6.v1;Name=Glyma.15G007300;ancestorIdentifier=Glyma.15G007300.Wm82.a4.v1
Gm15	616913	618746	+	Glyma.15G007400.Wm82.a6.v1	Glyma.15G007400	ID=Glyma.15G007400.Wm82.a6.v1;Name=Glyma.15G007400;ancestorIdentifier=Glyma.15G007400.Wm82.a4.v1
Gm15	628279	629824	+	Glyma.15G007500.Wm82.a6.v1	Glyma.15G007500	ID=Glyma.15G007500.Wm82.a6.v1;Name=Glyma.15G007500;ancestorIdentifier=Glyma.15G007500.Wm82.a4.v1
Gm15	633604	636038	-	Glyma.15G007600.Wm82.a6.v1	Glyma.15G007600	ID=Glyma.15G007600.Wm82.a6.v1;Name=Glyma.15G007600;ancestorIdentifier=Glyma.15G007600.Wm82.a4.v1
Gm15	636840	639387	-	Glyma.15G007700.Wm82.a6.v1	Glyma.15G007700	ID=Glyma.15G007700.Wm82.a6.v1;Name=Glyma.15G007700;ancestorIdentifier=Glyma.15G007700.Wm82.a4.v1
Gm15	645275	648807	+	Glyma.15G007802.Wm82.a6.v1	Glyma.15G007802	ID=Glyma.15G007802.Wm82.a6.v1;Name=Glyma.15G007802;ancestorIdentifier=GmISU01.15G007300.v1.1
Gm15	649646	652195	-	Glyma.15G007900.Wm82.a6.v1	Glyma.15G007900	ID=Glyma.15G007900.Wm82.a6.v1;Name=Glyma.15G007900;ancestorIdentifier=Glyma.15G007900.Wm82.a4.v1
Gm15	655856	656828	-	Glyma.15G008000.Wm82.a6.v1	Glyma.15G008000	ID=Glyma.15G008000.Wm82.a6.v1;Name=Glyma.15G008000;ancestorIdentifier=Glyma.15G008000.Wm82.a4.v1
Gm15	658447	664035	-	Glyma.15G008100.Wm82.a6.v1	Glyma.15G008100	ID=Glyma.15G008100.Wm82.a6.v1;Name=Glyma.15G008100;ancestorIdentifier=Glyma.15G008100.Wm82.a4.v1
Gm15	664850	669499	+	Glyma.15G008200.Wm82.a6.v1	Glyma.15G008200	ID=Glyma.15G008200.Wm82.a6.v1;Name=Glyma.15G008200;ancestorIdentifier=Glyma.15G008200.Wm82.a4.v1
Gm15	670602	672069	-	Glyma.15G008300.Wm82.a6.v1	Glyma.15G008300	ID=Glyma.15G008300.Wm82.a6.v1;Name=Glyma.15G008300;ancestorIdentifier=Glyma.15G008300.Wm82.a4.v1
Gm15	675413	676995	-	Glyma.15G008401.Wm82.a6.v1	Glyma.15G008401	ID=Glyma.15G008401.Wm82.a6.v1;Name=Glyma.15G008401;ancestorIdentifier=GmISU01.15G007900.v1.1
Gm15	680543	683290	-	Glyma.15G008500.Wm82.a6.v1	Glyma.15G008500	ID=Glyma.15G008500.Wm82.a6.v1;Name=Glyma.15G008500;ancestorIdentifier=Glyma.15G008500.Wm82.a4.v1
Gm15	683291	686562	-	Glyma.15G008550.Wm82.a6.v1	Glyma.15G008550	ID=Glyma.15G008550.Wm82.a6.v1;Name=Glyma.15G008550;ancestorIdentifier=GmISU01.15G008100.v1.1
Gm15	690532	691723	+	Glyma.15G008600.Wm82.a6.v1	Glyma.15G008600	ID=Glyma.15G008600.Wm82.a6.v1;Name=Glyma.15G008600;ancestorIdentifier=Glyma.15G008600.Wm82.a4.v1
Gm15	695456	699282	+	Glyma.15G008700.Wm82.a6.v1	Glyma.15G008700	ID=Glyma.15G008700.Wm82.a6.v1;Name=Glyma.15G008700;ancestorIdentifier=Glyma.15G008700.Wm82.a4.v1
Gm15	701552	702652	+	Glyma.15G008800.Wm82.a6.v1	Glyma.15G008800	ID=Glyma.15G008800.Wm82.a6.v1;Name=Glyma.15G008800;ancestorIdentifier=Glyma.15G008800.Wm82.a4.v1
Gm15	705969	710343	+	Glyma.15G008900.Wm82.a6.v1	Glyma.15G008900	ID=Glyma.15G008900.Wm82.a6.v1;Name=Glyma.15G008900;ancestorIdentifier=Glyma.15G008900.Wm82.a4.v1
Gm15	710609	712740	+	Glyma.15G009000.Wm82.a6.v1	Glyma.15G009000	ID=Glyma.15G009000.Wm82.a6.v1;Name=Glyma.15G009000;ancestorIdentifier=Glyma.15G009000.Wm82.a4.v1
Gm15	713118	714639	-	Glyma.15G009100.Wm82.a6.v1	Glyma.15G009100	ID=Glyma.15G009100.Wm82.a6.v1;Name=Glyma.15G009100;ancestorIdentifier=Glyma.15G009100.Wm82.a4.v1
Gm15	720643	722831	+	Glyma.15G009200.Wm82.a6.v1	Glyma.15G009200	ID=Glyma.15G009200.Wm82.a6.v1;Name=Glyma.15G009200;ancestorIdentifier=Glyma.15G009200.Wm82.a4.v1
Gm15	726005	729308	+	Glyma.15G009300.Wm82.a6.v1	Glyma.15G009300	ID=Glyma.15G009300.Wm82.a6.v1;Name=Glyma.15G009300;ancestorIdentifier=Glyma.15G009300.Wm82.a4.v1
Gm15	734250	737094	-	Glyma.15G009400.Wm82.a6.v1	Glyma.15G009400	ID=Glyma.15G009400.Wm82.a6.v1;Name=Glyma.15G009400;ancestorIdentifier=Glyma.15G009400.Wm82.a4.v1
Gm15	739358	741319	+	Glyma.15G009500.Wm82.a6.v1	Glyma.15G009500	ID=Glyma.15G009500.Wm82.a6.v1;Name=Glyma.15G009500;ancestorIdentifier=Glyma.15G009500.Wm82.a4.v1
Gm15	744788	745405	-	Glyma.15G009600.Wm82.a6.v1	Glyma.15G009600	ID=Glyma.15G009600.Wm82.a6.v1;Name=Glyma.15G009600;ancestorIdentifier=Glyma.15G009600.Wm82.a4.v1
Gm15	752329	760305	-	Glyma.15G009800.Wm82.a6.v1	Glyma.15G009800	ID=Glyma.15G009800.Wm82.a6.v1;Name=Glyma.15G009800;ancestorIdentifier=Glyma.15G009800.Wm82.a4.v1
Gm15	753173	755263	+	Glyma.15G009700.Wm82.a6.v1	Glyma.15G009700	ID=Glyma.15G009700.Wm82.a6.v1;Name=Glyma.15G009700;ancestorIdentifier=Glyma.15G009700.Wm82.a4.v1
Gm15	763585	764618	-	Glyma.15G009900.Wm82.a6.v1	Glyma.15G009900	ID=Glyma.15G009900.Wm82.a6.v1;Name=Glyma.15G009900;ancestorIdentifier=Glyma.15G009900.Wm82.a4.v1
Gm15	768741	777402	+	Glyma.15G010000.Wm82.a6.v1	Glyma.15G010000	ID=Glyma.15G010000.Wm82.a6.v1;Name=Glyma.15G010000;ancestorIdentifier=Glyma.15G010000.Wm82.a4.v1
Gm15	780502	783787	+	Glyma.15G010100.Wm82.a6.v1	Glyma.15G010100	ID=Glyma.15G010100.Wm82.a6.v1;Name=Glyma.15G010100;ancestorIdentifier=Glyma.15G010100.Wm82.a4.v1
Gm15	787633	789762	-	Glyma.15G010200.Wm82.a6.v1	Glyma.15G010200	ID=Glyma.15G010200.Wm82.a6.v1;Name=Glyma.15G010200;ancestorIdentifier=Glyma.15G010200.Wm82.a4.v1
Gm15	790955	795203	-	Glyma.15G010300.Wm82.a6.v1	Glyma.15G010300	ID=Glyma.15G010300.Wm82.a6.v1;Name=Glyma.15G010300;ancestorIdentifier=Glyma.15G010300.Wm82.a4.v1
Gm15	800528	806030	-	Glyma.15G010400.Wm82.a6.v1	Glyma.15G010400	ID=Glyma.15G010400.Wm82.a6.v1;Name=Glyma.15G010400;ancestorIdentifier=Glyma.15G010400.Wm82.a4.v1
Gm15	809912	812066	-	Glyma.15G010600.Wm82.a6.v1	Glyma.15G010600	ID=Glyma.15G010600.Wm82.a6.v1;Name=Glyma.15G010600;ancestorIdentifier=Glyma.15G010600.Wm82.a4.v1
Gm15	816916	820851	-	Glyma.15G010800.Wm82.a6.v1	Glyma.15G010800	ID=Glyma.15G010800.Wm82.a6.v1;Name=Glyma.15G010800;ancestorIdentifier=Glyma.15G010800.Wm82.a4.v1
Gm15	829966	832978	-	Glyma.15G010900.Wm82.a6.v1	Glyma.15G010900	ID=Glyma.15G010900.Wm82.a6.v1;Name=Glyma.15G010900;ancestorIdentifier=Glyma.15G010900.Wm82.a4.v1
Gm15	833643	837058	-	Glyma.15G011000.Wm82.a6.v1	Glyma.15G011000	ID=Glyma.15G011000.Wm82.a6.v1;Name=Glyma.15G011000;ancestorIdentifier=Glyma.15G011000.Wm82.a4.v1
Gm15	841530	843878	+	Glyma.15G011100.Wm82.a6.v1	Glyma.15G011100	ID=Glyma.15G011100.Wm82.a6.v1;Name=Glyma.15G011100;ancestorIdentifier=Glyma.15G011100.Wm82.a4.v1
Gm15	847596	852567	-	Glyma.15G011200.Wm82.a6.v1	Glyma.15G011200	ID=Glyma.15G011200.Wm82.a6.v1;Name=Glyma.15G011200;ancestorIdentifier=Glyma.15G011200.Wm82.a4.v1
Gm15	863923	866940	-	Glyma.15G011300.Wm82.a6.v1	Glyma.15G011300	ID=Glyma.15G011300.Wm82.a6.v1;Name=Glyma.15G011300;ancestorIdentifier=Glyma.15G011300.Wm82.a4.v1
Gm15	869464	876098	-	Glyma.15G011400.Wm82.a6.v1	Glyma.15G011400	ID=Glyma.15G011400.Wm82.a6.v1;Name=Glyma.15G011400;ancestorIdentifier=Glyma.15G011400.Wm82.a4.v1
Gm15	892791	897192	+	Glyma.15G011500.Wm82.a6.v1	Glyma.15G011500	ID=Glyma.15G011500.Wm82.a6.v1;Name=Glyma.15G011500;ancestorIdentifier=Glyma.15G011500.Wm82.a4.v1
Gm15	897930	899994	+	Glyma.15G011600.Wm82.a6.v1	Glyma.15G011600	ID=Glyma.15G011600.Wm82.a6.v1;Name=Glyma.15G011600;ancestorIdentifier=Glyma.15G011600.Wm82.a4.v1
Gm15	900000	903840	-	Glyma.15G011700.Wm82.a6.v1	Glyma.15G011700	ID=Glyma.15G011700.Wm82.a6.v1;Name=Glyma.15G011700;ancestorIdentifier=Glyma.15G011700.Wm82.a4.v1
Gm15	904137	912998	+	Glyma.15G011800.Wm82.a6.v1	Glyma.15G011800	ID=Glyma.15G011800.Wm82.a6.v1;Name=Glyma.15G011800;ancestorIdentifier=Glyma.15G011800.Wm82.a4.v1
Gm15	915420	922839	+	Glyma.15G011900.Wm82.a6.v1	Glyma.15G011900	ID=Glyma.15G011900.Wm82.a6.v1;Name=Glyma.15G011900;ancestorIdentifier=Glyma.15G011900.Wm82.a4.v1
Gm15	937576	945843	+	Glyma.15G012000.Wm82.a6.v1	Glyma.15G012000	ID=Glyma.15G012000.Wm82.a6.v1;Name=Glyma.15G012000;ancestorIdentifier=Glyma.15G012000.Wm82.a4.v1
Gm15	965995	968068	-	Glyma.15G012100.Wm82.a6.v1	Glyma.15G012100	ID=Glyma.15G012100.Wm82.a6.v1;Name=Glyma.15G012100;ancestorIdentifier=Glyma.15G012100.Wm82.a4.v1
Gm15	977816	981777	-	Glyma.15G012200.Wm82.a6.v1	Glyma.15G012200	ID=Glyma.15G012200.Wm82.a6.v1;Name=Glyma.15G012200;ancestorIdentifier=Glyma.15G012200.Wm82.a4.v1
Gm15	981569	989099	-	Glyma.15G012300.Wm82.a6.v1	Glyma.15G012300	ID=Glyma.15G012300.Wm82.a6.v1;Name=Glyma.15G012300;ancestorIdentifier=Glyma.15G012300.Wm82.a4.v1
Gm15	993584	995041	+	Glyma.15G012401.Wm82.a6.v1	Glyma.15G012401	ID=Glyma.15G012401.Wm82.a6.v1;Name=Glyma.15G012401;ancestorIdentifier=GmISU01.15G011700.v1.1
Gm15	996918	1000293	+	Glyma.15G012500.Wm82.a6.v1	Glyma.15G012500	ID=Glyma.15G012500.Wm82.a6.v1;Name=Glyma.15G012500;ancestorIdentifier=Glyma.15G012500.Wm82.a4.v1
Gm15	1000415	1001165	-	Glyma.15G012600.Wm82.a6.v1	Glyma.15G012600	ID=Glyma.15G012600.Wm82.a6.v1;Name=Glyma.15G012600;ancestorIdentifier=Glyma.15G012600.Wm82.a4.v1
Gm15	1004020	1005765	-	Glyma.15G012700.Wm82.a6.v1	Glyma.15G012700	ID=Glyma.15G012700.Wm82.a6.v1;Name=Glyma.15G012700;ancestorIdentifier=Glyma.15G012700.Wm82.a4.v1
Gm15	1013729	1017458	-	Glyma.15G012800.Wm82.a6.v1	Glyma.15G012800	ID=Glyma.15G012800.Wm82.a6.v1;Name=Glyma.15G012800;ancestorIdentifier=Glyma.15G012800.Wm82.a4.v1
Gm15	1032981	1039391	+	Glyma.15G012900.Wm82.a6.v1	Glyma.15G012900	ID=Glyma.15G012900.Wm82.a6.v1;Name=Glyma.15G012900;ancestorIdentifier=Glyma.15G012900.Wm82.a4.v1
Gm15	1038049	1050994	-	Glyma.15G013000.Wm82.a6.v1	Glyma.15G013000	ID=Glyma.15G013000.Wm82.a6.v1;Name=Glyma.15G013000;ancestorIdentifier=Glyma.15G013000.Wm82.a4.v1
Gm15	1057331	1061577	-	Glyma.15G013100.Wm82.a6.v1	Glyma.15G013100	ID=Glyma.15G013100.Wm82.a6.v1;Name=Glyma.15G013100;ancestorIdentifier=Glyma.15G013100.Wm82.a4.v1
Gm15	1062403	1067325	+	Glyma.15G013200.Wm82.a6.v1	Glyma.15G013200	ID=Glyma.15G013200.Wm82.a6.v1;Name=Glyma.15G013200;ancestorIdentifier=Glyma.15G013200.Wm82.a4.v1
Gm15	1078368	1080149	+	Glyma.15G013300.Wm82.a6.v1	Glyma.15G013300	ID=Glyma.15G013300.Wm82.a6.v1;Name=Glyma.15G013300;ancestorIdentifier=Glyma.15G013300.Wm82.a4.v1
Gm15	1087227	1092260	-	Glyma.15G013400.Wm82.a6.v1	Glyma.15G013400	ID=Glyma.15G013400.Wm82.a6.v1;Name=Glyma.15G013400;ancestorIdentifier=Glyma.15G013400.Wm82.a4.v1
Gm15	1093868	1098769	-	Glyma.15G013500.Wm82.a6.v1	Glyma.15G013500	ID=Glyma.15G013500.Wm82.a6.v1;Name=Glyma.15G013500;ancestorIdentifier=Glyma.15G013500.Wm82.a4.v1
Gm15	1101013	1104573	-	Glyma.15G013600.Wm82.a6.v1	Glyma.15G013600	ID=Glyma.15G013600.Wm82.a6.v1;Name=Glyma.15G013600;ancestorIdentifier=Glyma.15G013600.Wm82.a4.v1
Gm15	1106644	1117528	-	Glyma.15G013800.Wm82.a6.v1	Glyma.15G013800	ID=Glyma.15G013800.Wm82.a6.v1;Name=Glyma.15G013800;ancestorIdentifier=Glyma.15G013800.Wm82.a4.v1
Gm15	1118102	1121693	-	Glyma.15G013900.Wm82.a6.v1	Glyma.15G013900	ID=Glyma.15G013900.Wm82.a6.v1;Name=Glyma.15G013900;ancestorIdentifier=Glyma.15G013900.Wm82.a4.v1
Gm15	1135021	1140906	+	Glyma.15G014000.Wm82.a6.v1	Glyma.15G014000	ID=Glyma.15G014000.Wm82.a6.v1;Name=Glyma.15G014000;ancestorIdentifier=Glyma.15G014000.Wm82.a4.v1
Gm15	1141174	1144070	-	Glyma.15G014100.Wm82.a6.v1	Glyma.15G014100	ID=Glyma.15G014100.Wm82.a6.v1;Name=Glyma.15G014100;ancestorIdentifier=Glyma.15G014100.Wm82.a4.v1
Gm15	1146845	1148872	+	Glyma.15G014200.Wm82.a6.v1	Glyma.15G014200	ID=Glyma.15G014200.Wm82.a6.v1;Name=Glyma.15G014200;ancestorIdentifier=Glyma.15G014200.Wm82.a4.v1
Gm15	1151737	1153754	-	Glyma.15G014301.Wm82.a6.v1	Glyma.15G014301	ID=Glyma.15G014301.Wm82.a6.v1;Name=Glyma.15G014301;ancestorIdentifier=GmISU01.15G013500.v1.1
Gm15	1154663	1160196	-	Glyma.15G014400.Wm82.a6.v1	Glyma.15G014400	ID=Glyma.15G014400.Wm82.a6.v1;Name=Glyma.15G014400;ancestorIdentifier=Glyma.15G014400.Wm82.a4.v1
Gm15	1164104	1165407	-	Glyma.15G014500.Wm82.a6.v1	Glyma.15G014500	ID=Glyma.15G014500.Wm82.a6.v1;Name=Glyma.15G014500;ancestorIdentifier=Glyma.15G014500.Wm82.a4.v1
Gm15	1172959	1173669	-	Glyma.15G014600.Wm82.a6.v1	Glyma.15G014600	ID=Glyma.15G014600.Wm82.a6.v1;Name=Glyma.15G014600;ancestorIdentifier=Glyma.15G014600.Wm82.a4.v1
Gm15	1177446	1180969	+	Glyma.15G014700.Wm82.a6.v1	Glyma.15G014700	ID=Glyma.15G014700.Wm82.a6.v1;Name=Glyma.15G014700;ancestorIdentifier=Glyma.15G014700.Wm82.a4.v1
Gm15	1181461	1185597	-	Glyma.15G014800.Wm82.a6.v1	Glyma.15G014800	ID=Glyma.15G014800.Wm82.a6.v1;Name=Glyma.15G014800;ancestorIdentifier=Glyma.15G014800.Wm82.a4.v1
Gm15	1186887	1190520	-	Glyma.15G014900.Wm82.a6.v1	Glyma.15G014900	ID=Glyma.15G014900.Wm82.a6.v1;Name=Glyma.15G014900;ancestorIdentifier=Glyma.15G014900.Wm82.a4.v1
Gm15	1199540	1204706	+	Glyma.15G015100.Wm82.a6.v1	Glyma.15G015100	ID=Glyma.15G015100.Wm82.a6.v1;Name=Glyma.15G015100;ancestorIdentifier=Glyma.15G015100.Wm82.a4.v1
Gm15	1204707	1205171	+	Glyma.15G015150.Wm82.a6.v1	Glyma.15G015150	ID=Glyma.15G015150.Wm82.a6.v1;Name=Glyma.15G015150;ancestorIdentifier=GmISU01.15G014400.v1.1
Gm15	1205804	1208342	+	Glyma.15G015200.Wm82.a6.v1	Glyma.15G015200	ID=Glyma.15G015200.Wm82.a6.v1;Name=Glyma.15G015200;ancestorIdentifier=Glyma.15G015200.Wm82.a4.v1
Gm15	1210915	1216469	+	Glyma.15G015300.Wm82.a6.v1	Glyma.15G015300	ID=Glyma.15G015300.Wm82.a6.v1;Name=Glyma.15G015300;ancestorIdentifier=Glyma.15G015300.Wm82.a4.v1
Gm15	1218134	1219810	-	Glyma.15G015400.Wm82.a6.v1	Glyma.15G015400	ID=Glyma.15G015400.Wm82.a6.v1;Name=Glyma.15G015400;ancestorIdentifier=Glyma.15G015400.Wm82.a4.v1
Gm15	1222586	1223704	+	Glyma.15G015500.Wm82.a6.v1	Glyma.15G015500	ID=Glyma.15G015500.Wm82.a6.v1;Name=Glyma.15G015500;ancestorIdentifier=Glyma.15G015500.Wm82.a4.v1
Gm15	1234921	1240821	+	Glyma.15G015600.Wm82.a6.v1	Glyma.15G015600	ID=Glyma.15G015600.Wm82.a6.v1;Name=Glyma.15G015600;ancestorIdentifier=Glyma.15G015600.Wm82.a4.v1
Gm15	1246072	1251172	-	Glyma.15G015700.Wm82.a6.v1	Glyma.15G015700	ID=Glyma.15G015700.Wm82.a6.v1;Name=Glyma.15G015700;ancestorIdentifier=Glyma.15G015700.Wm82.a4.v1
Gm15	1251928	1255086	-	Glyma.15G015800.Wm82.a6.v1	Glyma.15G015800	ID=Glyma.15G015800.Wm82.a6.v1;Name=Glyma.15G015800;ancestorIdentifier=Glyma.15G015800.Wm82.a4.v1
Gm15	1259913	1261415	+	Glyma.15G015900.Wm82.a6.v1	Glyma.15G015900	ID=Glyma.15G015900.Wm82.a6.v1;Name=Glyma.15G015900;ancestorIdentifier=Glyma.15G015900.Wm82.a4.v1
Gm15	1261653	1264406	-	Glyma.15G016000.Wm82.a6.v1	Glyma.15G016000	ID=Glyma.15G016000.Wm82.a6.v1;Name=Glyma.15G016000;ancestorIdentifier=Glyma.15G016000.Wm82.a4.v1
Gm15	1264808	1266222	-	Glyma.15G016100.Wm82.a6.v1	Glyma.15G016100	ID=Glyma.15G016100.Wm82.a6.v1;Name=Glyma.15G016100;ancestorIdentifier=Glyma.15G016100.Wm82.a4.v1
Gm15	1268900	1271889	+	Glyma.15G016200.Wm82.a6.v1	Glyma.15G016200	ID=Glyma.15G016200.Wm82.a6.v1;Name=Glyma.15G016200;ancestorIdentifier=Glyma.15G016200.Wm82.a4.v1
Gm15	1271980	1273265	-	Glyma.15G016300.Wm82.a6.v1	Glyma.15G016300	ID=Glyma.15G016300.Wm82.a6.v1;Name=Glyma.15G016300;ancestorIdentifier=Glyma.15G016300.Wm82.a4.v1
Gm15	1274620	1275483	+	Glyma.15G016400.Wm82.a6.v1	Glyma.15G016400	ID=Glyma.15G016400.Wm82.a6.v1;Name=Glyma.15G016400;ancestorIdentifier=Glyma.15G016400.Wm82.a4.v1
Gm15	1276803	1283324	-	Glyma.15G016500.Wm82.a6.v1	Glyma.15G016500	ID=Glyma.15G016500.Wm82.a6.v1;Name=Glyma.15G016500;ancestorIdentifier=Glyma.15G016500.Wm82.a4.v1
Gm15	1293716	1296625	+	Glyma.15G016600.Wm82.a6.v1	Glyma.15G016600	ID=Glyma.15G016600.Wm82.a6.v1;Name=Glyma.15G016600;ancestorIdentifier=Glyma.15G016600.Wm82.a4.v1
Gm15	1296627	1305946	+	Glyma.15G016700.Wm82.a6.v1	Glyma.15G016700	ID=Glyma.15G016700.Wm82.a6.v1;Name=Glyma.15G016700;ancestorIdentifier=Glyma.15G016700.Wm82.a4.v1
Gm15	1307409	1309577	+	Glyma.15G016800.Wm82.a6.v1	Glyma.15G016800	ID=Glyma.15G016800.Wm82.a6.v1;Name=Glyma.15G016800;ancestorIdentifier=Glyma.15G016800.Wm82.a4.v1
Gm15	1309796	1315160	-	Glyma.15G016900.Wm82.a6.v1	Glyma.15G016900	ID=Glyma.15G016900.Wm82.a6.v1;Name=Glyma.15G016900;ancestorIdentifier=Glyma.15G016900.Wm82.a4.v1
Gm15	1319075	1323047	-	Glyma.15G017000.Wm82.a6.v1	Glyma.15G017000	ID=Glyma.15G017000.Wm82.a6.v1;Name=Glyma.15G017000;ancestorIdentifier=Glyma.15G017000.Wm82.a4.v1
Gm15	1340184	1343760	-	Glyma.15G017300.Wm82.a6.v1	Glyma.15G017300	ID=Glyma.15G017300.Wm82.a6.v1;Name=Glyma.15G017300;ancestorIdentifier=Glyma.15G017300.Wm82.a4.v1
Gm15	1347500	1350545	-	Glyma.15G017400.Wm82.a6.v1	Glyma.15G017400	ID=Glyma.15G017400.Wm82.a6.v1;Name=Glyma.15G017400;ancestorIdentifier=Glyma.15G017400.Wm82.a4.v1
Gm15	1368548	1371513	+	Glyma.15G017500.Wm82.a6.v1	Glyma.15G017500	ID=Glyma.15G017500.Wm82.a6.v1;Name=Glyma.15G017500;ancestorIdentifier=Glyma.15G017500.Wm82.a4.v1
Gm15	1372751	1376859	-	Glyma.15G017600.Wm82.a6.v1	Glyma.15G017600	ID=Glyma.15G017600.Wm82.a6.v1;Name=Glyma.15G017600;ancestorIdentifier=Glyma.15G017600.Wm82.a4.v1
Gm15	1375009	1378414	-	Glyma.15G017700.Wm82.a6.v1	Glyma.15G017700	ID=Glyma.15G017700.Wm82.a6.v1;Name=Glyma.15G017700;ancestorIdentifier=Glyma.15G017700.Wm82.a4.v1
Gm15	1379626	1382453	-	Glyma.15G017800.Wm82.a6.v1	Glyma.15G017800	ID=Glyma.15G017800.Wm82.a6.v1;Name=Glyma.15G017800;ancestorIdentifier=Glyma.15G017800.Wm82.a4.v1
Gm15	1383447	1389237	-	Glyma.15G017900.Wm82.a6.v1	Glyma.15G017900	ID=Glyma.15G017900.Wm82.a6.v1;Name=Glyma.15G017900;ancestorIdentifier=Glyma.15G017900.Wm82.a4.v1
Gm15	1390560	1392699	+	Glyma.15G018000.Wm82.a6.v1	Glyma.15G018000	ID=Glyma.15G018000.Wm82.a6.v1;Name=Glyma.15G018000;ancestorIdentifier=Glyma.15G018000.Wm82.a4.v1
Gm15	1394371	1396728	-	Glyma.15G018100.Wm82.a6.v1	Glyma.15G018100	ID=Glyma.15G018100.Wm82.a6.v1;Name=Glyma.15G018100;ancestorIdentifier=Glyma.15G018100.Wm82.a4.v1
Gm15	1401202	1407836	-	Glyma.15G018200.Wm82.a6.v1	Glyma.15G018200	ID=Glyma.15G018200.Wm82.a6.v1;Name=Glyma.15G018200;ancestorIdentifier=Glyma.15G018200.Wm82.a4.v1
Gm15	1407382	1411739	+	Glyma.15G018300.Wm82.a6.v1	Glyma.15G018300	ID=Glyma.15G018300.Wm82.a6.v1;Name=Glyma.15G018300;ancestorIdentifier=Glyma.15G018300.Wm82.a4.v1
Gm15	1413945	1415055	+	Glyma.15G018400.Wm82.a6.v1	Glyma.15G018400	ID=Glyma.15G018400.Wm82.a6.v1;Name=Glyma.15G018400;ancestorIdentifier=Glyma.15G018400.Wm82.a4.v1
Gm15	1424619	1426854	+	Glyma.15G018500.Wm82.a6.v1	Glyma.15G018500	ID=Glyma.15G018500.Wm82.a6.v1;Name=Glyma.15G018500;ancestorIdentifier=Glyma.15G018500.Wm82.a4.v1
Gm15	1428416	1431009	+	Glyma.15G018600.Wm82.a6.v1	Glyma.15G018600	ID=Glyma.15G018600.Wm82.a6.v1;Name=Glyma.15G018600;ancestorIdentifier=Glyma.15G018600.Wm82.a4.v1
Gm15	1432524	1433662	-	Glyma.15G018700.Wm82.a6.v1	Glyma.15G018700	ID=Glyma.15G018700.Wm82.a6.v1;Name=Glyma.15G018700;ancestorIdentifier=Glyma.15G018700.Wm82.a4.v1
Gm15	1434188	1440298	-	Glyma.15G018800.Wm82.a6.v1	Glyma.15G018800	ID=Glyma.15G018800.Wm82.a6.v1;Name=Glyma.15G018800;ancestorIdentifier=Glyma.15G018800.Wm82.a4.v1
Gm15	1440851	1444940	-	Glyma.15G018900.Wm82.a6.v1	Glyma.15G018900	ID=Glyma.15G018900.Wm82.a6.v1;Name=Glyma.15G018900;ancestorIdentifier=Glyma.15G018900.Wm82.a4.v1
Gm15	1449948	1451134	+	Glyma.15G019000.Wm82.a6.v1	Glyma.15G019000	ID=Glyma.15G019000.Wm82.a6.v1;Name=Glyma.15G019000;ancestorIdentifier=Glyma.15G019000.Wm82.a4.v1
Gm15	1454179	1455117	+	Glyma.15G019100.Wm82.a6.v1	Glyma.15G019100	ID=Glyma.15G019100.Wm82.a6.v1;Name=Glyma.15G019100;ancestorIdentifier=Glyma.15G019100.Wm82.a4.v1
Gm15	1469961	1480705	+	Glyma.15G019200.Wm82.a6.v1	Glyma.15G019200	ID=Glyma.15G019200.Wm82.a6.v1;Name=Glyma.15G019200;ancestorIdentifier=Glyma.15G019200.Wm82.a4.v1
Gm15	1490167	1496076	+	Glyma.15G019300.Wm82.a6.v1	Glyma.15G019300	ID=Glyma.15G019300.Wm82.a6.v1;Name=Glyma.15G019300;ancestorIdentifier=Glyma.15G019300.Wm82.a4.v1
Gm15	1506276	1510098	+	Glyma.15G019400.Wm82.a6.v1	Glyma.15G019400	ID=Glyma.15G019400.Wm82.a6.v1;Name=Glyma.15G019400;ancestorIdentifier=Glyma.15G019400.Wm82.a4.v1
Gm15	1523490	1524901	+	Glyma.15G019500.Wm82.a6.v1	Glyma.15G019500	ID=Glyma.15G019500.Wm82.a6.v1;Name=Glyma.15G019500;ancestorIdentifier=Glyma.15G019500.Wm82.a4.v1
Gm15	1526054	1538915	-	Glyma.15G019600.Wm82.a6.v1	Glyma.15G019600	ID=Glyma.15G019600.Wm82.a6.v1;Name=Glyma.15G019600;ancestorIdentifier=Glyma.15G019600.Wm82.a4.v1
Gm15	1540918	1543196	+	Glyma.15G019700.Wm82.a6.v1	Glyma.15G019700	ID=Glyma.15G019700.Wm82.a6.v1;Name=Glyma.15G019700;ancestorIdentifier=Glyma.15G019700.Wm82.a4.v1
Gm15	1542484	1549699	-	Glyma.15G019800.Wm82.a6.v1	Glyma.15G019800	ID=Glyma.15G019800.Wm82.a6.v1;Name=Glyma.15G019800;ancestorIdentifier=Glyma.15G019800.Wm82.a4.v1
Gm15	1551044	1555436	-	Glyma.15G019900.Wm82.a6.v1	Glyma.15G019900	ID=Glyma.15G019900.Wm82.a6.v1;Name=Glyma.15G019900;ancestorIdentifier=Glyma.15G019900.Wm82.a4.v1
Gm15	1556461	1560004	+	Glyma.15G020050.Wm82.a6.v1	Glyma.15G020050	ID=Glyma.15G020050.Wm82.a6.v1;Name=Glyma.15G020050;ancestorIdentifier=Glyma.15G020050.Wm82.a4.v1
Gm15	1573916	1575978	-	Glyma.15G020200.Wm82.a6.v1	Glyma.15G020200	ID=Glyma.15G020200.Wm82.a6.v1;Name=Glyma.15G020200;ancestorIdentifier=Glyma.15G020200.Wm82.a4.v1
Gm15	1575979	1579879	+	Glyma.15G020300.Wm82.a6.v1	Glyma.15G020300	ID=Glyma.15G020300.Wm82.a6.v1;Name=Glyma.15G020300;ancestorIdentifier=Glyma.15G020300.Wm82.a4.v1
Gm15	1598535	1600678	+	Glyma.15G020600.Wm82.a6.v1	Glyma.15G020600	ID=Glyma.15G020600.Wm82.a6.v1;Name=Glyma.15G020600;ancestorIdentifier=Glyma.15G020600.Wm82.a4.v1
Gm15	1602512	1603779	-	Glyma.15G020650.Wm82.a6.v1	Glyma.15G020650	ID=Glyma.15G020650.Wm82.a6.v1;Name=Glyma.15G020650;ancestorIdentifier=Glyma.15G020650.Wm82.a4.v1
Gm15	1605827	1607036	-	Glyma.15G020700.Wm82.a6.v1	Glyma.15G020700	ID=Glyma.15G020700.Wm82.a6.v1;Name=Glyma.15G020700;ancestorIdentifier=Glyma.15G020700.Wm82.a4.v1
Gm15	1607518	1611873	-	Glyma.15G020800.Wm82.a6.v1	Glyma.15G020800	ID=Glyma.15G020800.Wm82.a6.v1;Name=Glyma.15G020800;ancestorIdentifier=Glyma.15G020800.Wm82.a4.v1
Gm15	1614574	1620084	+	Glyma.15G020900.Wm82.a6.v1	Glyma.15G020900	ID=Glyma.15G020900.Wm82.a6.v1;Name=Glyma.15G020900;ancestorIdentifier=Glyma.15G020900.Wm82.a4.v1
Gm15	1618447	1628330	-	Glyma.15G021000.Wm82.a6.v1	Glyma.15G021000	ID=Glyma.15G021000.Wm82.a6.v1;Name=Glyma.15G021000;ancestorIdentifier=Glyma.15G021000.Wm82.a4.v1
Gm15	1630847	1634666	+	Glyma.15G021100.Wm82.a6.v1	Glyma.15G021100	ID=Glyma.15G021100.Wm82.a6.v1;Name=Glyma.15G021100;ancestorIdentifier=Glyma.15G021100.Wm82.a4.v1
Gm15	1635212	1636892	-	Glyma.15G021202.Wm82.a6.v1	Glyma.15G021202	ID=Glyma.15G021202.Wm82.a6.v1;Name=Glyma.15G021202;ancestorIdentifier=Glyma.15G021202.Wm82.a4.v1
Gm15	1637651	1678511	-	Glyma.15G021300.Wm82.a6.v1	Glyma.15G021300	ID=Glyma.15G021300.Wm82.a6.v1;Name=Glyma.15G021300;ancestorIdentifier=Glyma.15G021300.Wm82.a4.v1
Gm15	1650865	1658775	+	Glyma.15G021400.Wm82.a6.v1	Glyma.15G021400	ID=Glyma.15G021400.Wm82.a6.v1;Name=Glyma.15G021400;ancestorIdentifier=Glyma.15G021400.Wm82.a4.v1
Gm15	1671224	1676750	+	Glyma.15G021550.Wm82.a6.v1	Glyma.15G021550	ID=Glyma.15G021550.Wm82.a6.v1;Name=Glyma.15G021550;ancestorIdentifier=GmISU01.15G020400.v1.1
Gm15	1684323	1692269	+	Glyma.15G021700.Wm82.a6.v1	Glyma.15G021700	ID=Glyma.15G021700.Wm82.a6.v1;Name=Glyma.15G021700;ancestorIdentifier=Glyma.15G021700.Wm82.a4.v1
Gm15	1713739	1718352	+	Glyma.15G021800.Wm82.a6.v1	Glyma.15G021800	ID=Glyma.15G021800.Wm82.a6.v1;Name=Glyma.15G021800;ancestorIdentifier=Glyma.15G021800.Wm82.a4.v1
Gm15	1728053	1734033	+	Glyma.15G021900.Wm82.a6.v1	Glyma.15G021900	ID=Glyma.15G021900.Wm82.a6.v1;Name=Glyma.15G021900;ancestorIdentifier=Glyma.15G021900.Wm82.a4.v1
Gm15	1736631	1739101	-	Glyma.15G022000.Wm82.a6.v1	Glyma.15G022000	ID=Glyma.15G022000.Wm82.a6.v1;Name=Glyma.15G022000;ancestorIdentifier=Glyma.15G022000.Wm82.a4.v1
Gm15	1746458	1751889	-	Glyma.15G022200.Wm82.a6.v1	Glyma.15G022200	ID=Glyma.15G022200.Wm82.a6.v1;Name=Glyma.15G022200;ancestorIdentifier=Glyma.15G022200.Wm82.a4.v1
Gm15	1751989	1756062	-	Glyma.15G022300.Wm82.a6.v1	Glyma.15G022300	ID=Glyma.15G022300.Wm82.a6.v1;Name=Glyma.15G022300;ancestorIdentifier=Glyma.15G022300.Wm82.a4.v1
Gm15	1758767	1761629	+	Glyma.15G022500.Wm82.a6.v1	Glyma.15G022500	ID=Glyma.15G022500.Wm82.a6.v1;Name=Glyma.15G022500;ancestorIdentifier=Glyma.15G022500.Wm82.a4.v1
Gm15	1761803	1763162	+	Glyma.15G022550.Wm82.a6.v1	Glyma.15G022550	ID=Glyma.15G022550.Wm82.a6.v1;Name=Glyma.15G022550;ancestorIdentifier=GmISU01.15G021100.v1.1
Gm15	1769475	1772096	-	Glyma.15G022600.Wm82.a6.v1	Glyma.15G022600	ID=Glyma.15G022600.Wm82.a6.v1;Name=Glyma.15G022600;ancestorIdentifier=Glyma.15G022600.Wm82.a4.v1
Gm15	1772851	1775497	-	Glyma.15G022700.Wm82.a6.v1	Glyma.15G022700	ID=Glyma.15G022700.Wm82.a6.v1;Name=Glyma.15G022700;ancestorIdentifier=Glyma.15G022700.Wm82.a4.v1
Gm15	1780135	1781782	-	Glyma.15G022800.Wm82.a6.v1	Glyma.15G022800	ID=Glyma.15G022800.Wm82.a6.v1;Name=Glyma.15G022800;ancestorIdentifier=Glyma.15G022800.Wm82.a4.v1
Gm15	1790015	1798011	-	Glyma.15G022900.Wm82.a6.v1	Glyma.15G022900	ID=Glyma.15G022900.Wm82.a6.v1;Name=Glyma.15G022900;ancestorIdentifier=Glyma.15G022900.Wm82.a4.v1
Gm15	1804306	1809353	+	Glyma.15G023000.Wm82.a6.v1	Glyma.15G023000	ID=Glyma.15G023000.Wm82.a6.v1;Name=Glyma.15G023000;ancestorIdentifier=Glyma.15G023000.Wm82.a4.v1
Gm15	1817932	1820420	+	Glyma.15G023100.Wm82.a6.v1	Glyma.15G023100	ID=Glyma.15G023100.Wm82.a6.v1;Name=Glyma.15G023100;ancestorIdentifier=Glyma.15G023100.Wm82.a4.v1
Gm15	1834914	1841781	+	Glyma.15G023200.Wm82.a6.v1	Glyma.15G023200	ID=Glyma.15G023200.Wm82.a6.v1;Name=Glyma.15G023200;ancestorIdentifier=Glyma.15G023200.Wm82.a4.v1
Gm15	1843751	1847730	+	Glyma.15G023300.Wm82.a6.v1	Glyma.15G023300	ID=Glyma.15G023300.Wm82.a6.v1;Name=Glyma.15G023300;ancestorIdentifier=Glyma.15G023300.Wm82.a4.v1
Gm15	1850288	1851355	-	Glyma.15G023400.Wm82.a6.v1	Glyma.15G023400	ID=Glyma.15G023400.Wm82.a6.v1;Name=Glyma.15G023400;ancestorIdentifier=Glyma.15G023400.Wm82.a4.v1
Gm15	1858144	1863527	+	Glyma.15G023500.Wm82.a6.v1	Glyma.15G023500	ID=Glyma.15G023500.Wm82.a6.v1;Name=Glyma.15G023500;ancestorIdentifier=Glyma.15G023500.Wm82.a4.v1
Gm15	1863061	1864146	-	Glyma.15G023551.Wm82.a6.v1	Glyma.15G023551	ID=Glyma.15G023551.Wm82.a6.v1;Name=Glyma.15G023551;ancestorIdentifier=GmISU01.15G022200.v1.1
Gm15	1872093	1878217	-	Glyma.15G023600.Wm82.a6.v1	Glyma.15G023600	ID=Glyma.15G023600.Wm82.a6.v1;Name=Glyma.15G023600;ancestorIdentifier=Glyma.15G023600.Wm82.a4.v1
Gm15	1891793	1896901	+	Glyma.15G023700.Wm82.a6.v1	Glyma.15G023700	ID=Glyma.15G023700.Wm82.a6.v1;Name=Glyma.15G023700;ancestorIdentifier=Glyma.15G023700.Wm82.a4.v1
Gm15	1906932	1913706	+	Glyma.15G023800.Wm82.a6.v1	Glyma.15G023800	ID=Glyma.15G023800.Wm82.a6.v1;Name=Glyma.15G023800;ancestorIdentifier=Glyma.15G023800.Wm82.a4.v1
Gm15	1915195	1918478	+	Glyma.15G023900.Wm82.a6.v1	Glyma.15G023900	ID=Glyma.15G023900.Wm82.a6.v1;Name=Glyma.15G023900;ancestorIdentifier=Glyma.15G023900.Wm82.a4.v1
Gm15	1919425	1922142	-	Glyma.15G023966.Wm82.a6.v1	Glyma.15G023966	ID=Glyma.15G023966.Wm82.a6.v1;Name=Glyma.15G023966;ancestorIdentifier=Glyma.15G023966.Wm82.a4.v1
Gm15	1922445	1923744	-	Glyma.15G024032.Wm82.a6.v1	Glyma.15G024032	ID=Glyma.15G024032.Wm82.a6.v1;Name=Glyma.15G024032;ancestorIdentifier=Glyma.15G024032.Wm82.a4.v1
Gm15	1925095	1934041	+	Glyma.15G024100.Wm82.a6.v1	Glyma.15G024100	ID=Glyma.15G024100.Wm82.a6.v1;Name=Glyma.15G024100;ancestorIdentifier=Glyma.15G024100.Wm82.a4.v1
Gm15	1941323	1948871	+	Glyma.15G024200.Wm82.a6.v1	Glyma.15G024200	ID=Glyma.15G024200.Wm82.a6.v1;Name=Glyma.15G024200;ancestorIdentifier=Glyma.15G024200.Wm82.a4.v1
Gm15	1953521	1961211	-	Glyma.15G024300.Wm82.a6.v1	Glyma.15G024300	ID=Glyma.15G024300.Wm82.a6.v1;Name=Glyma.15G024300;ancestorIdentifier=Glyma.15G024300.Wm82.a4.v1
Gm15	1964475	1966027	+	Glyma.15G024400.Wm82.a6.v1	Glyma.15G024400	ID=Glyma.15G024400.Wm82.a6.v1;Name=Glyma.15G024400;ancestorIdentifier=Glyma.15G024400.Wm82.a4.v1
Gm15	1975246	1981027	-	Glyma.15G024500.Wm82.a6.v1	Glyma.15G024500	ID=Glyma.15G024500.Wm82.a6.v1;Name=Glyma.15G024500;ancestorIdentifier=Glyma.15G024500.Wm82.a4.v1
Gm15	1994895	2000154	+	Glyma.15G024600.Wm82.a6.v1	Glyma.15G024600	ID=Glyma.15G024600.Wm82.a6.v1;Name=Glyma.15G024600;ancestorIdentifier=Glyma.15G024600.Wm82.a4.v1
Gm15	2002558	2006570	-	Glyma.15G024700.Wm82.a6.v1	Glyma.15G024700	ID=Glyma.15G024700.Wm82.a6.v1;Name=Glyma.15G024700;ancestorIdentifier=Glyma.15G024700.Wm82.a4.v1
Gm15	2009905	2015070	-	Glyma.15G024800.Wm82.a6.v1	Glyma.15G024800	ID=Glyma.15G024800.Wm82.a6.v1;Name=Glyma.15G024800;ancestorIdentifier=Glyma.15G024800.Wm82.a4.v1
Gm15	2019444	2024078	+	Glyma.15G024900.Wm82.a6.v1	Glyma.15G024900	ID=Glyma.15G024900.Wm82.a6.v1;Name=Glyma.15G024900;ancestorIdentifier=Glyma.15G024900.Wm82.a4.v1
Gm15	2032629	2033768	-	Glyma.15G025100.Wm82.a6.v1	Glyma.15G025100	ID=Glyma.15G025100.Wm82.a6.v1;Name=Glyma.15G025100;ancestorIdentifier=Glyma.15G025100.Wm82.a4.v1
Gm15	2040976	2043361	-	Glyma.15G025200.Wm82.a6.v1	Glyma.15G025200	ID=Glyma.15G025200.Wm82.a6.v1;Name=Glyma.15G025200;ancestorIdentifier=Glyma.15G025200.Wm82.a4.v1
Gm15	2045172	2052855	+	Glyma.15G025300.Wm82.a6.v1	Glyma.15G025300	ID=Glyma.15G025300.Wm82.a6.v1;Name=Glyma.15G025300;ancestorIdentifier=Glyma.15G025300.Wm82.a4.v1
Gm15	2053452	2056142	+	Glyma.15G025400.Wm82.a6.v1	Glyma.15G025400	ID=Glyma.15G025400.Wm82.a6.v1;Name=Glyma.15G025400;ancestorIdentifier=Glyma.15G025400.Wm82.a4.v1
Gm15	2067347	2069487	+	Glyma.15G025500.Wm82.a6.v1	Glyma.15G025500	ID=Glyma.15G025500.Wm82.a6.v1;Name=Glyma.15G025500;ancestorIdentifier=Glyma.15G025500.Wm82.a4.v1
Gm15	2075041	2078115	-	Glyma.15G025600.Wm82.a6.v1	Glyma.15G025600	ID=Glyma.15G025600.Wm82.a6.v1;Name=Glyma.15G025600;ancestorIdentifier=Glyma.15G025600.Wm82.a4.v1
Gm15	2080391	2083299	-	Glyma.15G025666.Wm82.a6.v1	Glyma.15G025666	ID=Glyma.15G025666.Wm82.a6.v1;Name=Glyma.15G025666;ancestorIdentifier=Glyma.15G025666.Wm82.a4.v1
Gm15	2084525	2085493	-	Glyma.15G025732.Wm82.a6.v1	Glyma.15G025732	ID=Glyma.15G025732.Wm82.a6.v1;Name=Glyma.15G025732;ancestorIdentifier=Glyma.15G025732.Wm82.a4.v1
Gm15	2091369	2098483	+	Glyma.15G025800.Wm82.a6.v1	Glyma.15G025800	ID=Glyma.15G025800.Wm82.a6.v1;Name=Glyma.15G025800;ancestorIdentifier=Glyma.15G025800.Wm82.a4.v1
Gm15	2101160	2106165	+	Glyma.15G025900.Wm82.a6.v1	Glyma.15G025900	ID=Glyma.15G025900.Wm82.a6.v1;Name=Glyma.15G025900;ancestorIdentifier=Glyma.15G025900.Wm82.a4.v1
Gm15	2107794	2108577	-	Glyma.15G026000.Wm82.a6.v1	Glyma.15G026000	ID=Glyma.15G026000.Wm82.a6.v1;Name=Glyma.15G026000;ancestorIdentifier=Glyma.15G026000.Wm82.a4.v1
Gm15	2110722	2114295	-	Glyma.15G026100.Wm82.a6.v1	Glyma.15G026100	ID=Glyma.15G026100.Wm82.a6.v1;Name=Glyma.15G026100;ancestorIdentifier=Glyma.15G026100.Wm82.a4.v1
Gm15	2126187	2130523	+	Glyma.15G026300.Wm82.a6.v1	Glyma.15G026300	ID=Glyma.15G026300.Wm82.a6.v1;Name=Glyma.15G026300;ancestorIdentifier=Glyma.15G026300.Wm82.a4.v1
Gm15	2132979	2137295	-	Glyma.15G026400.Wm82.a6.v1	Glyma.15G026400	ID=Glyma.15G026400.Wm82.a6.v1;Name=Glyma.15G026400;ancestorIdentifier=Glyma.15G026400.Wm82.a4.v1
Gm15	2144662	2149832	+	Glyma.15G026500.Wm82.a6.v1	Glyma.15G026500	ID=Glyma.15G026500.Wm82.a6.v1;Name=Glyma.15G026500;ancestorIdentifier=Glyma.15G026500.Wm82.a4.v1
Gm15	2156026	2157250	-	Glyma.15G026600.Wm82.a6.v1	Glyma.15G026600	ID=Glyma.15G026600.Wm82.a6.v1;Name=Glyma.15G026600;ancestorIdentifier=Glyma.15G026600.Wm82.a4.v1
Gm15	2158834	2159437	+	Glyma.15G026702.Wm82.a6.v1	Glyma.15G026702	ID=Glyma.15G026702.Wm82.a6.v1;Name=Glyma.15G026702
Gm15	2161531	2166161	-	Glyma.15G026800.Wm82.a6.v1	Glyma.15G026800	ID=Glyma.15G026800.Wm82.a6.v1;Name=Glyma.15G026800;ancestorIdentifier=Glyma.15G026800.Wm82.a4.v1
Gm15	2171587	2173263	+	Glyma.15G026900.Wm82.a6.v1	Glyma.15G026900	ID=Glyma.15G026900.Wm82.a6.v1;Name=Glyma.15G026900;ancestorIdentifier=Glyma.15G026900.Wm82.a4.v1
Gm15	2173006	2176636	-	Glyma.15G027000.Wm82.a6.v1	Glyma.15G027000	ID=Glyma.15G027000.Wm82.a6.v1;Name=Glyma.15G027000;ancestorIdentifier=Glyma.15G027000.Wm82.a4.v1
Gm15	2180555	2181860	+	Glyma.15G027100.Wm82.a6.v1	Glyma.15G027100	ID=Glyma.15G027100.Wm82.a6.v1;Name=Glyma.15G027100;ancestorIdentifier=Glyma.15G027100.Wm82.a4.v1
Gm15	2187475	2189127	+	Glyma.15G027200.Wm82.a6.v1	Glyma.15G027200	ID=Glyma.15G027200.Wm82.a6.v1;Name=Glyma.15G027200;ancestorIdentifier=Glyma.15G027200.Wm82.a4.v1
Gm15	2193297	2198440	-	Glyma.15G027300.Wm82.a6.v1	Glyma.15G027300	ID=Glyma.15G027300.Wm82.a6.v1;Name=Glyma.15G027300;ancestorIdentifier=Glyma.15G027300.Wm82.a4.v1
Gm15	2199262	2203070	-	Glyma.15G027400.Wm82.a6.v1	Glyma.15G027400	ID=Glyma.15G027400.Wm82.a6.v1;Name=Glyma.15G027400;ancestorIdentifier=Glyma.15G027400.Wm82.a4.v1
Gm15	2204804	2214325	-	Glyma.15G027500.Wm82.a6.v1	Glyma.15G027500	ID=Glyma.15G027500.Wm82.a6.v1;Name=Glyma.15G027500;ancestorIdentifier=Glyma.15G027500.Wm82.a4.v1
Gm15	2215263	2217096	+	Glyma.15G027550.Wm82.a6.v1	Glyma.15G027550	ID=Glyma.15G027550.Wm82.a6.v1;Name=Glyma.15G027550;ancestorIdentifier=Glyma.15G027550.Wm82.a4.v1
Gm15	2217395	2223603	-	Glyma.15G027700.Wm82.a6.v1	Glyma.15G027700	ID=Glyma.15G027700.Wm82.a6.v1;Name=Glyma.15G027700;ancestorIdentifier=Glyma.15G027700.Wm82.a4.v1
Gm15	2224108	2228729	-	Glyma.15G027800.Wm82.a6.v1	Glyma.15G027800	ID=Glyma.15G027800.Wm82.a6.v1;Name=Glyma.15G027800;ancestorIdentifier=Glyma.15G027800.Wm82.a4.v1
Gm15	2231003	2239495	-	Glyma.15G027900.Wm82.a6.v1	Glyma.15G027900	ID=Glyma.15G027900.Wm82.a6.v1;Name=Glyma.15G027900;ancestorIdentifier=Glyma.15G027900.Wm82.a4.v1
Gm15	2248264	2257607	+	Glyma.15G028000.Wm82.a6.v1	Glyma.15G028000	ID=Glyma.15G028000.Wm82.a6.v1;Name=Glyma.15G028000;ancestorIdentifier=Glyma.15G028000.Wm82.a4.v1
Gm15	2257080	2258768	-	Glyma.15G028200.Wm82.a6.v1	Glyma.15G028200	ID=Glyma.15G028200.Wm82.a6.v1;Name=Glyma.15G028200;ancestorIdentifier=Glyma.15G028200.Wm82.a4.v1
Gm15	2263887	2270105	+	Glyma.15G028300.Wm82.a6.v1	Glyma.15G028300	ID=Glyma.15G028300.Wm82.a6.v1;Name=Glyma.15G028300;ancestorIdentifier=Glyma.15G028300.Wm82.a4.v1
Gm15	2273613	2279137	+	Glyma.15G028400.Wm82.a6.v1	Glyma.15G028400	ID=Glyma.15G028400.Wm82.a6.v1;Name=Glyma.15G028400;ancestorIdentifier=Glyma.15G028400.Wm82.a4.v1
Gm15	2279476	2284916	+	Glyma.15G028500.Wm82.a6.v1	Glyma.15G028500	ID=Glyma.15G028500.Wm82.a6.v1;Name=Glyma.15G028500;ancestorIdentifier=Glyma.15G028500.Wm82.a4.v1
Gm15	2290998	2293025	+	Glyma.15G028600.Wm82.a6.v1	Glyma.15G028600	ID=Glyma.15G028600.Wm82.a6.v1;Name=Glyma.15G028600;ancestorIdentifier=Glyma.15G028600.Wm82.a4.v1
Gm15	2299269	2300963	+	Glyma.15G028700.Wm82.a6.v1	Glyma.15G028700	ID=Glyma.15G028700.Wm82.a6.v1;Name=Glyma.15G028700;ancestorIdentifier=Glyma.15G028700.Wm82.a4.v1
Gm15	2314346	2319424	+	Glyma.15G028800.Wm82.a6.v1	Glyma.15G028800	ID=Glyma.15G028800.Wm82.a6.v1;Name=Glyma.15G028800;ancestorIdentifier=Glyma.15G028800.Wm82.a4.v1
Gm15	2327991	2331669	+	Glyma.15G028900.Wm82.a6.v1	Glyma.15G028900	ID=Glyma.15G028900.Wm82.a6.v1;Name=Glyma.15G028900;ancestorIdentifier=Glyma.15G028900.Wm82.a4.v1
Gm15	2335496	2346593	+	Glyma.15G029000.Wm82.a6.v1	Glyma.15G029000	ID=Glyma.15G029000.Wm82.a6.v1;Name=Glyma.15G029000;ancestorIdentifier=Glyma.15G029000.Wm82.a4.v1
Gm15	2351949	2357753	+	Glyma.15G029100.Wm82.a6.v1	Glyma.15G029100	ID=Glyma.15G029100.Wm82.a6.v1;Name=Glyma.15G029100;ancestorIdentifier=Glyma.15G029100.Wm82.a4.v1
Gm15	2358667	2368582	-	Glyma.15G029200.Wm82.a6.v1	Glyma.15G029200	ID=Glyma.15G029200.Wm82.a6.v1;Name=Glyma.15G029200;ancestorIdentifier=Glyma.15G029200.Wm82.a4.v1
Gm15	2369060	2371599	-	Glyma.15G029300.Wm82.a6.v1	Glyma.15G029300	ID=Glyma.15G029300.Wm82.a6.v1;Name=Glyma.15G029300;ancestorIdentifier=Glyma.15G029300.Wm82.a4.v1
Gm15	2372385	2377016	+	Glyma.15G029400.Wm82.a6.v1	Glyma.15G029400	ID=Glyma.15G029400.Wm82.a6.v1;Name=Glyma.15G029400;ancestorIdentifier=Glyma.15G029400.Wm82.a4.v1
Gm15	2379930	2380678	+	Glyma.15G029450.Wm82.a6.v1	Glyma.15G029450	ID=Glyma.15G029450.Wm82.a6.v1;Name=Glyma.15G029450;ancestorIdentifier=GmISU01.15G028000.v1.1
Gm15	2381835	2384147	+	Glyma.15G029500.Wm82.a6.v1	Glyma.15G029500	ID=Glyma.15G029500.Wm82.a6.v1;Name=Glyma.15G029500;ancestorIdentifier=Glyma.15G029500.Wm82.a4.v1
Gm15	2385199	2386623	+	Glyma.15G029600.Wm82.a6.v1	Glyma.15G029600	ID=Glyma.15G029600.Wm82.a6.v1;Name=Glyma.15G029600;ancestorIdentifier=Glyma.15G029600.Wm82.a4.v1
Gm15	2387369	2389946	+	Glyma.15G029700.Wm82.a6.v1	Glyma.15G029700	ID=Glyma.15G029700.Wm82.a6.v1;Name=Glyma.15G029700;ancestorIdentifier=Glyma.15G029700.Wm82.a4.v1
Gm15	2390333	2394155	-	Glyma.15G029800.Wm82.a6.v1	Glyma.15G029800	ID=Glyma.15G029800.Wm82.a6.v1;Name=Glyma.15G029800;ancestorIdentifier=Glyma.15G029800.Wm82.a4.v1
Gm15	2400649	2403996	+	Glyma.15G029900.Wm82.a6.v1	Glyma.15G029900	ID=Glyma.15G029900.Wm82.a6.v1;Name=Glyma.15G029900;ancestorIdentifier=Glyma.15G029900.Wm82.a4.v1
Gm15	2404320	2408312	-	Glyma.15G030000.Wm82.a6.v1	Glyma.15G030000	ID=Glyma.15G030000.Wm82.a6.v1;Name=Glyma.15G030000;ancestorIdentifier=Glyma.15G030000.Wm82.a4.v1
Gm15	2413652	2416292	-	Glyma.15G030050.Wm82.a6.v1	Glyma.15G030050	ID=Glyma.15G030050.Wm82.a6.v1;Name=Glyma.15G030050;ancestorIdentifier=Glyma.15G030050.Wm82.a4.v1
Gm15	2422740	2424612	+	Glyma.15G030100.Wm82.a6.v1	Glyma.15G030100	ID=Glyma.15G030100.Wm82.a6.v1;Name=Glyma.15G030100;ancestorIdentifier=Glyma.15G030100.Wm82.a4.v1
Gm15	2424777	2429042	-	Glyma.15G030200.Wm82.a6.v1	Glyma.15G030200	ID=Glyma.15G030200.Wm82.a6.v1;Name=Glyma.15G030200;ancestorIdentifier=Glyma.15G030200.Wm82.a4.v1
Gm15	2434937	2446918	+	Glyma.15G030400.Wm82.a6.v1	Glyma.15G030400	ID=Glyma.15G030400.Wm82.a6.v1;Name=Glyma.15G030400;ancestorIdentifier=Glyma.15G030400.Wm82.a4.v1
Gm15	2448257	2460568	-	Glyma.15G030500.Wm82.a6.v1	Glyma.15G030500	ID=Glyma.15G030500.Wm82.a6.v1;Name=Glyma.15G030500;ancestorIdentifier=Glyma.15G030500.Wm82.a4.v1
Gm15	2461260	2462811	+	Glyma.15G030650.Wm82.a6.v1	Glyma.15G030650	ID=Glyma.15G030650.Wm82.a6.v1;Name=Glyma.15G030650;ancestorIdentifier=Glyma.15G030650.Wm82.a4.v1
Gm15	2464089	2467191	-	Glyma.15G030700.Wm82.a6.v1	Glyma.15G030700	ID=Glyma.15G030700.Wm82.a6.v1;Name=Glyma.15G030700;ancestorIdentifier=Glyma.15G030700.Wm82.a4.v1
Gm15	2468526	2473118	-	Glyma.15G030800.Wm82.a6.v1	Glyma.15G030800	ID=Glyma.15G030800.Wm82.a6.v1;Name=Glyma.15G030800;ancestorIdentifier=Glyma.15G030800.Wm82.a4.v1
Gm15	2477623	2481419	-	Glyma.15G030900.Wm82.a6.v1	Glyma.15G030900	ID=Glyma.15G030900.Wm82.a6.v1;Name=Glyma.15G030900;ancestorIdentifier=Glyma.15G030900.Wm82.a4.v1
Gm15	2489882	2497004	-	Glyma.15G031100.Wm82.a6.v1	Glyma.15G031100	ID=Glyma.15G031100.Wm82.a6.v1;Name=Glyma.15G031100;ancestorIdentifier=Glyma.15G031100.Wm82.a4.v1
Gm15	2503457	2517532	+	Glyma.15G031200.Wm82.a6.v1	Glyma.15G031200	ID=Glyma.15G031200.Wm82.a6.v1;Name=Glyma.15G031200;ancestorIdentifier=Glyma.15G031200.Wm82.a4.v1
Gm15	2524685	2534424	+	Glyma.15G031400.Wm82.a6.v1	Glyma.15G031400	ID=Glyma.15G031400.Wm82.a6.v1;Name=Glyma.15G031400;ancestorIdentifier=Glyma.15G031400.Wm82.a4.v1
Gm15	2538305	2541835	+	Glyma.15G031600.Wm82.a6.v1	Glyma.15G031600	ID=Glyma.15G031600.Wm82.a6.v1;Name=Glyma.15G031600;ancestorIdentifier=Glyma.15G031600.Wm82.a4.v1
Gm15	2547835	2556960	+	Glyma.15G031700.Wm82.a6.v1	Glyma.15G031700	ID=Glyma.15G031700.Wm82.a6.v1;Name=Glyma.15G031700;ancestorIdentifier=Glyma.15G031700.Wm82.a4.v1
Gm15	2559773	2564792	+	Glyma.15G031800.Wm82.a6.v1	Glyma.15G031800	ID=Glyma.15G031800.Wm82.a6.v1;Name=Glyma.15G031800;ancestorIdentifier=Glyma.15G031800.Wm82.a4.v1
Gm15	2564767	2574934	-	Glyma.15G031900.Wm82.a6.v1	Glyma.15G031900	ID=Glyma.15G031900.Wm82.a6.v1;Name=Glyma.15G031900;ancestorIdentifier=Glyma.15G031900.Wm82.a4.v1
Gm15	2575822	2577798	-	Glyma.15G032000.Wm82.a6.v1	Glyma.15G032000	ID=Glyma.15G032000.Wm82.a6.v1;Name=Glyma.15G032000;ancestorIdentifier=Glyma.15G032000.Wm82.a4.v1
Gm15	2581503	2584086	-	Glyma.15G032100.Wm82.a6.v1	Glyma.15G032100	ID=Glyma.15G032100.Wm82.a6.v1;Name=Glyma.15G032100;ancestorIdentifier=Glyma.15G032100.Wm82.a4.v1
Gm15	2591423	2593563	-	Glyma.15G032200.Wm82.a6.v1	Glyma.15G032200	ID=Glyma.15G032200.Wm82.a6.v1;Name=Glyma.15G032200;ancestorIdentifier=Glyma.15G032200.Wm82.a4.v1
Gm15	2596120	2597760	-	Glyma.15G032300.Wm82.a6.v1	Glyma.15G032300	ID=Glyma.15G032300.Wm82.a6.v1;Name=Glyma.15G032300;ancestorIdentifier=Glyma.15G032300.Wm82.a4.v1
Gm15	2598812	2604492	-	Glyma.15G032400.Wm82.a6.v1	Glyma.15G032400	ID=Glyma.15G032400.Wm82.a6.v1;Name=Glyma.15G032400;ancestorIdentifier=Glyma.15G032400.Wm82.a4.v1
Gm15	2607781	2611756	-	Glyma.15G032500.Wm82.a6.v1	Glyma.15G032500	ID=Glyma.15G032500.Wm82.a6.v1;Name=Glyma.15G032500;ancestorIdentifier=Glyma.15G032500.Wm82.a4.v1
Gm15	2615110	2620304	-	Glyma.15G032700.Wm82.a6.v1	Glyma.15G032700	ID=Glyma.15G032700.Wm82.a6.v1;Name=Glyma.15G032700;ancestorIdentifier=Glyma.15G032700.Wm82.a4.v1
Gm15	2627718	2633304	+	Glyma.15G032800.Wm82.a6.v1	Glyma.15G032800	ID=Glyma.15G032800.Wm82.a6.v1;Name=Glyma.15G032800;ancestorIdentifier=Glyma.15G032800.Wm82.a4.v1
Gm15	2634854	2637787	+	Glyma.15G032850.Wm82.a6.v1	Glyma.15G032850	ID=Glyma.15G032850.Wm82.a6.v1;Name=Glyma.15G032850;ancestorIdentifier=Glyma.15G032850.Wm82.a4.v1
Gm15	2636524	2643078	-	Glyma.15G033000.Wm82.a6.v1	Glyma.15G033000	ID=Glyma.15G033000.Wm82.a6.v1;Name=Glyma.15G033000;ancestorIdentifier=Glyma.15G033000.Wm82.a4.v1
Gm15	2652012	2653907	+	Glyma.15G033100.Wm82.a6.v1	Glyma.15G033100	ID=Glyma.15G033100.Wm82.a6.v1;Name=Glyma.15G033100;ancestorIdentifier=Glyma.15G033100.Wm82.a4.v1
Gm15	2655487	2657366	+	Glyma.15G033200.Wm82.a6.v1	Glyma.15G033200	ID=Glyma.15G033200.Wm82.a6.v1;Name=Glyma.15G033200;ancestorIdentifier=Glyma.15G033200.Wm82.a4.v1
Gm15	2661476	2662653	-	Glyma.15G033400.Wm82.a6.v1	Glyma.15G033400	ID=Glyma.15G033400.Wm82.a6.v1;Name=Glyma.15G033400;ancestorIdentifier=Glyma.15G033400.Wm82.a4.v1
Gm15	2664808	2669058	+	Glyma.15G033500.Wm82.a6.v1	Glyma.15G033500	ID=Glyma.15G033500.Wm82.a6.v1;Name=Glyma.15G033500;ancestorIdentifier=Glyma.15G033500.Wm82.a4.v1
Gm15	2675263	2677562	-	Glyma.15G033600.Wm82.a6.v1	Glyma.15G033600	ID=Glyma.15G033600.Wm82.a6.v1;Name=Glyma.15G033600;ancestorIdentifier=Glyma.15G033600.Wm82.a4.v1
Gm15	2685613	2693767	-	Glyma.15G033700.Wm82.a6.v1	Glyma.15G033700	ID=Glyma.15G033700.Wm82.a6.v1;Name=Glyma.15G033700;ancestorIdentifier=Glyma.15G033700.Wm82.a4.v1
Gm15	2692543	2696007	+	Glyma.15G033800.Wm82.a6.v1	Glyma.15G033800	ID=Glyma.15G033800.Wm82.a6.v1;Name=Glyma.15G033800;ancestorIdentifier=Glyma.15G033800.Wm82.a4.v1
Gm15	2701183	2705137	+	Glyma.15G033901.Wm82.a6.v1	Glyma.15G033901	ID=Glyma.15G033901.Wm82.a6.v1;Name=Glyma.15G033901;ancestorIdentifier=GmISU01.15G032000.v1.1
Gm15	2708912	2720541	-	Glyma.15G034000.Wm82.a6.v1	Glyma.15G034000	ID=Glyma.15G034000.Wm82.a6.v1;Name=Glyma.15G034000;ancestorIdentifier=Glyma.15G034000.Wm82.a4.v1
Gm15	2722470	2728728	-	Glyma.15G034100.Wm82.a6.v1	Glyma.15G034100	ID=Glyma.15G034100.Wm82.a6.v1;Name=Glyma.15G034100;ancestorIdentifier=Glyma.15G034100.Wm82.a4.v1
Gm15	2727816	2730331	+	Glyma.15G034200.Wm82.a6.v1	Glyma.15G034200	ID=Glyma.15G034200.Wm82.a6.v1;Name=Glyma.15G034200;ancestorIdentifier=Glyma.15G034200.Wm82.a4.v1
Gm15	2731141	2738320	-	Glyma.15G034300.Wm82.a6.v1	Glyma.15G034300	ID=Glyma.15G034300.Wm82.a6.v1;Name=Glyma.15G034300;ancestorIdentifier=Glyma.15G034300.Wm82.a4.v1
Gm15	2741419	2746135	-	Glyma.15G034400.Wm82.a6.v1	Glyma.15G034400	ID=Glyma.15G034400.Wm82.a6.v1;Name=Glyma.15G034400;ancestorIdentifier=Glyma.15G034400.Wm82.a4.v1
Gm15	2754782	2757658	+	Glyma.15G034500.Wm82.a6.v1	Glyma.15G034500	ID=Glyma.15G034500.Wm82.a6.v1;Name=Glyma.15G034500;ancestorIdentifier=Glyma.15G034500.Wm82.a4.v1
Gm15	2765197	2770758	+	Glyma.15G034600.Wm82.a6.v1	Glyma.15G034600	ID=Glyma.15G034600.Wm82.a6.v1;Name=Glyma.15G034600;ancestorIdentifier=Glyma.15G034600.Wm82.a4.v1
Gm15	2772086	2774666	-	Glyma.15G034700.Wm82.a6.v1	Glyma.15G034700	ID=Glyma.15G034700.Wm82.a6.v1;Name=Glyma.15G034700;ancestorIdentifier=Glyma.15G034700.Wm82.a4.v1
Gm15	2776240	2781230	-	Glyma.15G034800.Wm82.a6.v1	Glyma.15G034800	ID=Glyma.15G034800.Wm82.a6.v1;Name=Glyma.15G034800;ancestorIdentifier=Glyma.15G034800.Wm82.a4.v1
Gm15	2790467	2794459	-	Glyma.15G034900.Wm82.a6.v1	Glyma.15G034900	ID=Glyma.15G034900.Wm82.a6.v1;Name=Glyma.15G034900;ancestorIdentifier=Glyma.15G034900.Wm82.a4.v1
Gm15	2796480	2798503	+	Glyma.15G035001.Wm82.a6.v1	Glyma.15G035001	ID=Glyma.15G035001.Wm82.a6.v1;Name=Glyma.15G035001
Gm15	2800933	2803511	-	Glyma.15G035100.Wm82.a6.v1	Glyma.15G035100	ID=Glyma.15G035100.Wm82.a6.v1;Name=Glyma.15G035100;ancestorIdentifier=Glyma.15G035100.Wm82.a4.v1
Gm15	2804388	2808643	+	Glyma.15G035200.Wm82.a6.v1	Glyma.15G035200	ID=Glyma.15G035200.Wm82.a6.v1;Name=Glyma.15G035200;ancestorIdentifier=Glyma.15G035200.Wm82.a4.v1
Gm15	2814961	2821267	+	Glyma.15G035300.Wm82.a6.v1	Glyma.15G035300	ID=Glyma.15G035300.Wm82.a6.v1;Name=Glyma.15G035300;ancestorIdentifier=Glyma.15G035300.Wm82.a4.v1
Gm15	2822425	2823304	-	Glyma.15G035400.Wm82.a6.v1	Glyma.15G035400	ID=Glyma.15G035400.Wm82.a6.v1;Name=Glyma.15G035400;ancestorIdentifier=Glyma.15G035400.Wm82.a4.v1
Gm15	2825484	2827905	-	Glyma.15G035500.Wm82.a6.v1	Glyma.15G035500	ID=Glyma.15G035500.Wm82.a6.v1;Name=Glyma.15G035500;ancestorIdentifier=Glyma.15G035500.Wm82.a4.v1
Gm15	2831010	2836128	+	Glyma.15G035600.Wm82.a6.v1	Glyma.15G035600	ID=Glyma.15G035600.Wm82.a6.v1;Name=Glyma.15G035600;ancestorIdentifier=Glyma.15G035600.Wm82.a4.v1
Gm15	2837226	2841442	-	Glyma.15G035700.Wm82.a6.v1	Glyma.15G035700	ID=Glyma.15G035700.Wm82.a6.v1;Name=Glyma.15G035700;ancestorIdentifier=Glyma.15G035700.Wm82.a4.v1
Gm15	2841747	2842952	+	Glyma.15G035800.Wm82.a6.v1	Glyma.15G035800	ID=Glyma.15G035800.Wm82.a6.v1;Name=Glyma.15G035800;ancestorIdentifier=Glyma.15G035800.Wm82.a4.v1
Gm15	2842724	2850034	-	Glyma.15G035900.Wm82.a6.v1	Glyma.15G035900	ID=Glyma.15G035900.Wm82.a6.v1;Name=Glyma.15G035900;ancestorIdentifier=Glyma.15G035900.Wm82.a4.v1
Gm15	2855818	2858665	+	Glyma.15G036000.Wm82.a6.v1	Glyma.15G036000	ID=Glyma.15G036000.Wm82.a6.v1;Name=Glyma.15G036000;ancestorIdentifier=Glyma.15G036000.Wm82.a4.v1
Gm15	2862616	2865138	+	Glyma.15G036100.Wm82.a6.v1	Glyma.15G036100	ID=Glyma.15G036100.Wm82.a6.v1;Name=Glyma.15G036100;ancestorIdentifier=Glyma.15G036100.Wm82.a4.v1
Gm15	2869152	2870874	+	Glyma.15G036200.Wm82.a6.v1	Glyma.15G036200	ID=Glyma.15G036200.Wm82.a6.v1;Name=Glyma.15G036200;ancestorIdentifier=Glyma.15G036200.Wm82.a4.v1
Gm15	2872297	2874328	+	Glyma.15G036300.Wm82.a6.v1	Glyma.15G036300	ID=Glyma.15G036300.Wm82.a6.v1;Name=Glyma.15G036300;ancestorIdentifier=Glyma.15G036300.Wm82.a4.v1
Gm15	2883826	2884742	-	Glyma.15G036400.Wm82.a6.v1	Glyma.15G036400	ID=Glyma.15G036400.Wm82.a6.v1;Name=Glyma.15G036400;ancestorIdentifier=Glyma.15G036400.Wm82.a4.v1
Gm15	2895934	2896316	-	Glyma.15G036501.Wm82.a6.v1	Glyma.15G036501	ID=Glyma.15G036501.Wm82.a6.v1;Name=Glyma.15G036501;ancestorIdentifier=GmISU01.15G034500.v1.1
Gm15	2897121	2899722	+	Glyma.15G036600.Wm82.a6.v1	Glyma.15G036600	ID=Glyma.15G036600.Wm82.a6.v1;Name=Glyma.15G036600;ancestorIdentifier=Glyma.15G036600.Wm82.a4.v1
Gm15	2900074	2903402	-	Glyma.15G036700.Wm82.a6.v1	Glyma.15G036700	ID=Glyma.15G036700.Wm82.a6.v1;Name=Glyma.15G036700;ancestorIdentifier=Glyma.15G036700.Wm82.a4.v1
Gm15	2903619	2906492	+	Glyma.15G036800.Wm82.a6.v1	Glyma.15G036800	ID=Glyma.15G036800.Wm82.a6.v1;Name=Glyma.15G036800;ancestorIdentifier=Glyma.15G036800.Wm82.a4.v1
Gm15	2907368	2907668	-	Glyma.15G036850.Wm82.a6.v1	Glyma.15G036850	ID=Glyma.15G036850.Wm82.a6.v1;Name=Glyma.15G036850;ancestorIdentifier=GmISU01.15G034900.v1.1
Gm15	2907874	2910041	-	Glyma.15G036900.Wm82.a6.v1	Glyma.15G036900	ID=Glyma.15G036900.Wm82.a6.v1;Name=Glyma.15G036900;ancestorIdentifier=Glyma.15G036900.Wm82.a4.v1
Gm15	2912177	2914674	-	Glyma.15G037000.Wm82.a6.v1	Glyma.15G037000	ID=Glyma.15G037000.Wm82.a6.v1;Name=Glyma.15G037000;ancestorIdentifier=Glyma.15G037000.Wm82.a4.v1
Gm15	2922483	2925664	-	Glyma.15G037100.Wm82.a6.v1	Glyma.15G037100	ID=Glyma.15G037100.Wm82.a6.v1;Name=Glyma.15G037100;ancestorIdentifier=Glyma.15G037100.Wm82.a4.v1
Gm15	2932441	2936534	-	Glyma.15G037200.Wm82.a6.v1	Glyma.15G037200	ID=Glyma.15G037200.Wm82.a6.v1;Name=Glyma.15G037200;ancestorIdentifier=Glyma.15G037200.Wm82.a4.v1
Gm15	2940565	2946622	-	Glyma.15G037300.Wm82.a6.v1	Glyma.15G037300	ID=Glyma.15G037300.Wm82.a6.v1;Name=Glyma.15G037300;ancestorIdentifier=Glyma.15G037300.Wm82.a4.v1
Gm15	2950635	2956129	-	Glyma.15G037400.Wm82.a6.v1	Glyma.15G037400	ID=Glyma.15G037400.Wm82.a6.v1;Name=Glyma.15G037400;ancestorIdentifier=Glyma.15G037400.Wm82.a4.v1
Gm15	2960707	2963169	-	Glyma.15G037500.Wm82.a6.v1	Glyma.15G037500	ID=Glyma.15G037500.Wm82.a6.v1;Name=Glyma.15G037500;ancestorIdentifier=Glyma.15G037500.Wm82.a4.v1
Gm15	2964718	2968187	+	Glyma.15G037600.Wm82.a6.v1	Glyma.15G037600	ID=Glyma.15G037600.Wm82.a6.v1;Name=Glyma.15G037600;ancestorIdentifier=Glyma.15G037600.Wm82.a4.v1
Gm15	2978656	2980324	+	Glyma.15G037700.Wm82.a6.v1	Glyma.15G037700	ID=Glyma.15G037700.Wm82.a6.v1;Name=Glyma.15G037700;ancestorIdentifier=Glyma.15G037700.Wm82.a4.v1
Gm15	2982587	2988710	-	Glyma.15G037800.Wm82.a6.v1	Glyma.15G037800	ID=Glyma.15G037800.Wm82.a6.v1;Name=Glyma.15G037800;ancestorIdentifier=Glyma.15G037800.Wm82.a4.v1
Gm15	2995789	2996650	+	Glyma.15G037900.Wm82.a6.v1	Glyma.15G037900	ID=Glyma.15G037900.Wm82.a6.v1;Name=Glyma.15G037900;ancestorIdentifier=Glyma.15G037900.Wm82.a4.v1
Gm15	3000361	3003695	-	Glyma.15G038000.Wm82.a6.v1	Glyma.15G038000	ID=Glyma.15G038000.Wm82.a6.v1;Name=Glyma.15G038000;ancestorIdentifier=Glyma.15G038000.Wm82.a4.v1
Gm15	3010821	3014335	-	Glyma.15G038100.Wm82.a6.v1	Glyma.15G038100	ID=Glyma.15G038100.Wm82.a6.v1;Name=Glyma.15G038100;ancestorIdentifier=Glyma.15G038100.Wm82.a4.v1
Gm15	3018827	3021437	+	Glyma.15G038200.Wm82.a6.v1	Glyma.15G038200	ID=Glyma.15G038200.Wm82.a6.v1;Name=Glyma.15G038200;ancestorIdentifier=Glyma.15G038200.Wm82.a4.v1
Gm15	3023975	3025882	-	Glyma.15G038300.Wm82.a6.v1	Glyma.15G038300	ID=Glyma.15G038300.Wm82.a6.v1;Name=Glyma.15G038300;ancestorIdentifier=Glyma.15G038300.Wm82.a4.v1
Gm15	3026706	3031927	-	Glyma.15G038400.Wm82.a6.v1	Glyma.15G038400	ID=Glyma.15G038400.Wm82.a6.v1;Name=Glyma.15G038400;ancestorIdentifier=Glyma.15G038400.Wm82.a4.v1
Gm15	3041089	3045050	+	Glyma.15G038500.Wm82.a6.v1	Glyma.15G038500	ID=Glyma.15G038500.Wm82.a6.v1;Name=Glyma.15G038500;ancestorIdentifier=Glyma.15G038500.Wm82.a4.v1
Gm15	3043348	3048020	-	Glyma.15G038600.Wm82.a6.v1	Glyma.15G038600	ID=Glyma.15G038600.Wm82.a6.v1;Name=Glyma.15G038600;ancestorIdentifier=Glyma.15G038600.Wm82.a4.v1
Gm15	3050390	3054265	-	Glyma.15G038700.Wm82.a6.v1	Glyma.15G038700	ID=Glyma.15G038700.Wm82.a6.v1;Name=Glyma.15G038700;ancestorIdentifier=Glyma.15G038700.Wm82.a4.v1
Gm15	3059621	3060995	-	Glyma.15G038750.Wm82.a6.v1	Glyma.15G038750	ID=Glyma.15G038750.Wm82.a6.v1;Name=Glyma.15G038750;ancestorIdentifier=GmISU01.15G036900.v1.1
Gm15	3064024	3065130	+	Glyma.15G038800.Wm82.a6.v1	Glyma.15G038800	ID=Glyma.15G038800.Wm82.a6.v1;Name=Glyma.15G038800;ancestorIdentifier=Glyma.15G038800.Wm82.a4.v1
Gm15	3068871	3069785	+	Glyma.15G038901.Wm82.a6.v1	Glyma.15G038901	ID=Glyma.15G038901.Wm82.a6.v1;Name=Glyma.15G038901;ancestorIdentifier=Glyma.15G038901.Wm82.a4.v1
Gm15	3072920	3079860	+	Glyma.15G039000.Wm82.a6.v1	Glyma.15G039000	ID=Glyma.15G039000.Wm82.a6.v1;Name=Glyma.15G039000;ancestorIdentifier=Glyma.15G039000.Wm82.a4.v1
Gm15	3082921	3086651	-	Glyma.15G039100.Wm82.a6.v1	Glyma.15G039100	ID=Glyma.15G039100.Wm82.a6.v1;Name=Glyma.15G039100;ancestorIdentifier=Glyma.15G039100.Wm82.a4.v1
Gm15	3102258	3106099	-	Glyma.15G039300.Wm82.a6.v1	Glyma.15G039300	ID=Glyma.15G039300.Wm82.a6.v1;Name=Glyma.15G039300;ancestorIdentifier=Glyma.15G039300.Wm82.a4.v1
Gm15	3117198	3119410	-	Glyma.15G039400.Wm82.a6.v1	Glyma.15G039400	ID=Glyma.15G039400.Wm82.a6.v1;Name=Glyma.15G039400;ancestorIdentifier=Glyma.15G039400.Wm82.a4.v1
Gm15	3121071	3128362	+	Glyma.15G039500.Wm82.a6.v1	Glyma.15G039500	ID=Glyma.15G039500.Wm82.a6.v1;Name=Glyma.15G039500;ancestorIdentifier=Glyma.15G039500.Wm82.a4.v1
Gm15	3128975	3130374	-	Glyma.15G039600.Wm82.a6.v1	Glyma.15G039600	ID=Glyma.15G039600.Wm82.a6.v1;Name=Glyma.15G039600;ancestorIdentifier=Glyma.15G039600.Wm82.a4.v1
Gm15	3135491	3140492	+	Glyma.15G039700.Wm82.a6.v1	Glyma.15G039700	ID=Glyma.15G039700.Wm82.a6.v1;Name=Glyma.15G039700;ancestorIdentifier=Glyma.15G039700.Wm82.a4.v1
Gm15	3142419	3147507	+	Glyma.15G039800.Wm82.a6.v1	Glyma.15G039800	ID=Glyma.15G039800.Wm82.a6.v1;Name=Glyma.15G039800;ancestorIdentifier=Glyma.15G039800.Wm82.a4.v1
Gm15	3162236	3163723	+	Glyma.15G039901.Wm82.a6.v1	Glyma.15G039901	ID=Glyma.15G039901.Wm82.a6.v1;Name=Glyma.15G039901
Gm15	3164661	3169593	+	Glyma.15G040000.Wm82.a6.v1	Glyma.15G040000	ID=Glyma.15G040000.Wm82.a6.v1;Name=Glyma.15G040000;ancestorIdentifier=Glyma.15G040000.Wm82.a4.v1
Gm15	3170496	3174627	+	Glyma.15G040100.Wm82.a6.v1	Glyma.15G040100	ID=Glyma.15G040100.Wm82.a6.v1;Name=Glyma.15G040100;ancestorIdentifier=Glyma.15G040100.Wm82.a4.v1
Gm15	3177778	3178898	-	Glyma.15G040200.Wm82.a6.v1	Glyma.15G040200	ID=Glyma.15G040200.Wm82.a6.v1;Name=Glyma.15G040200;ancestorIdentifier=Glyma.15G040200.Wm82.a4.v1
Gm15	3184112	3185272	+	Glyma.15G040300.Wm82.a6.v1	Glyma.15G040300	ID=Glyma.15G040300.Wm82.a6.v1;Name=Glyma.15G040300;ancestorIdentifier=Glyma.15G040300.Wm82.a4.v1
Gm15	3189171	3190311	+	Glyma.15G040400.Wm82.a6.v1	Glyma.15G040400	ID=Glyma.15G040400.Wm82.a6.v1;Name=Glyma.15G040400;ancestorIdentifier=Glyma.15G040400.Wm82.a4.v1
Gm15	3190705	3193444	-	Glyma.15G040500.Wm82.a6.v1	Glyma.15G040500	ID=Glyma.15G040500.Wm82.a6.v1;Name=Glyma.15G040500;ancestorIdentifier=Glyma.15G040500.Wm82.a4.v1
Gm15	3194378	3197990	+	Glyma.15G040600.Wm82.a6.v1	Glyma.15G040600	ID=Glyma.15G040600.Wm82.a6.v1;Name=Glyma.15G040600;ancestorIdentifier=Glyma.15G040600.Wm82.a4.v1
Gm15	3200432	3201447	-	Glyma.15G040700.Wm82.a6.v1	Glyma.15G040700	ID=Glyma.15G040700.Wm82.a6.v1;Name=Glyma.15G040700;ancestorIdentifier=Glyma.15G040700.Wm82.a4.v1
Gm15	3209485	3209796	+	Glyma.15G040800.Wm82.a6.v1	Glyma.15G040800	ID=Glyma.15G040800.Wm82.a6.v1;Name=Glyma.15G040800;ancestorIdentifier=Glyma.15G040800.Wm82.a4.v1
Gm15	3234949	3236661	+	Glyma.15G041100.Wm82.a6.v1	Glyma.15G041100	ID=Glyma.15G041100.Wm82.a6.v1;Name=Glyma.15G041100;ancestorIdentifier=Glyma.15G041100.Wm82.a4.v1
Gm15	3242920	3245302	-	Glyma.15G041300.Wm82.a6.v1	Glyma.15G041300	ID=Glyma.15G041300.Wm82.a6.v1;Name=Glyma.15G041300;ancestorIdentifier=Glyma.15G041300.Wm82.a4.v1
Gm15	3256225	3261062	+	Glyma.15G041400.Wm82.a6.v1	Glyma.15G041400	ID=Glyma.15G041400.Wm82.a6.v1;Name=Glyma.15G041400;ancestorIdentifier=Glyma.15G041400.Wm82.a4.v1
Gm15	3261162	3262244	-	Glyma.15G041500.Wm82.a6.v1	Glyma.15G041500	ID=Glyma.15G041500.Wm82.a6.v1;Name=Glyma.15G041500;ancestorIdentifier=Glyma.15G041500.Wm82.a4.v1
Gm15	3263306	3266791	-	Glyma.15G041600.Wm82.a6.v1	Glyma.15G041600	ID=Glyma.15G041600.Wm82.a6.v1;Name=Glyma.15G041600;ancestorIdentifier=Glyma.15G041600.Wm82.a4.v1
Gm15	3268668	3274285	+	Glyma.15G041700.Wm82.a6.v1	Glyma.15G041700	ID=Glyma.15G041700.Wm82.a6.v1;Name=Glyma.15G041700;ancestorIdentifier=Glyma.15G041700.Wm82.a4.v1
Gm15	3277383	3277783	+	Glyma.15G041850.Wm82.a6.v1	Glyma.15G041850	ID=Glyma.15G041850.Wm82.a6.v1;Name=Glyma.15G041850
Gm15	3280418	3291199	-	Glyma.15G042000.Wm82.a6.v1	Glyma.15G042000	ID=Glyma.15G042000.Wm82.a6.v1;Name=Glyma.15G042000;ancestorIdentifier=Glyma.15G042000.Wm82.a4.v1
Gm15	3300498	3304518	+	Glyma.15G042100.Wm82.a6.v1	Glyma.15G042100	ID=Glyma.15G042100.Wm82.a6.v1;Name=Glyma.15G042100;ancestorIdentifier=Glyma.15G042100.Wm82.a4.v1
Gm15	3309346	3310679	-	Glyma.15G042200.Wm82.a6.v1	Glyma.15G042200	ID=Glyma.15G042200.Wm82.a6.v1;Name=Glyma.15G042200;ancestorIdentifier=Glyma.15G042200.Wm82.a4.v1
Gm15	3312818	3314541	+	Glyma.15G042300.Wm82.a6.v1	Glyma.15G042300	ID=Glyma.15G042300.Wm82.a6.v1;Name=Glyma.15G042300;ancestorIdentifier=Glyma.15G042300.Wm82.a4.v1
Gm15	3320411	3321514	+	Glyma.15G042351.Wm82.a6.v1	Glyma.15G042351	ID=Glyma.15G042351.Wm82.a6.v1;Name=Glyma.15G042351;ancestorIdentifier=GmISU01.15G039900.v1.1
Gm15	3328160	3330976	+	Glyma.15G042400.Wm82.a6.v1	Glyma.15G042400	ID=Glyma.15G042400.Wm82.a6.v1;Name=Glyma.15G042400;ancestorIdentifier=Glyma.15G042400.Wm82.a4.v1
Gm15	3348479	3351289	+	Glyma.15G042500.Wm82.a6.v1	Glyma.15G042500	ID=Glyma.15G042500.Wm82.a6.v1;Name=Glyma.15G042500;ancestorIdentifier=Glyma.15G042500.Wm82.a4.v1
Gm15	3363787	3367906	+	Glyma.15G042600.Wm82.a6.v1	Glyma.15G042600	ID=Glyma.15G042600.Wm82.a6.v1;Name=Glyma.15G042600;ancestorIdentifier=Glyma.15G042600.Wm82.a4.v1
Gm15	3367907	3376681	-	Glyma.15G042700.Wm82.a6.v1	Glyma.15G042700	ID=Glyma.15G042700.Wm82.a6.v1;Name=Glyma.15G042700;ancestorIdentifier=Glyma.15G042700.Wm82.a4.v1
Gm15	3382323	3389113	+	Glyma.15G042900.Wm82.a6.v1	Glyma.15G042900	ID=Glyma.15G042900.Wm82.a6.v1;Name=Glyma.15G042900;ancestorIdentifier=Glyma.15G042900.Wm82.a4.v1
Gm15	3387795	3389198	+	Glyma.15G043050.Wm82.a6.v1	Glyma.15G043050	ID=Glyma.15G043050.Wm82.a6.v1;Name=Glyma.15G043050;ancestorIdentifier=GmISU01.15G040500.v1.1
Gm15	3390780	3391618	-	Glyma.15G043200.Wm82.a6.v1	Glyma.15G043200	ID=Glyma.15G043200.Wm82.a6.v1;Name=Glyma.15G043200;ancestorIdentifier=Glyma.15G043200.Wm82.a4.v1
Gm15	3393317	3394464	+	Glyma.15G043300.Wm82.a6.v1	Glyma.15G043300	ID=Glyma.15G043300.Wm82.a6.v1;Name=Glyma.15G043300;ancestorIdentifier=Glyma.15G043300.Wm82.a4.v1
Gm15	3405042	3412465	+	Glyma.15G043400.Wm82.a6.v1	Glyma.15G043400	ID=Glyma.15G043400.Wm82.a6.v1;Name=Glyma.15G043400;ancestorIdentifier=Glyma.15G043400.Wm82.a4.v1
Gm15	3414088	3419975	-	Glyma.15G043500.Wm82.a6.v1	Glyma.15G043500	ID=Glyma.15G043500.Wm82.a6.v1;Name=Glyma.15G043500;ancestorIdentifier=Glyma.15G043500.Wm82.a4.v1
Gm15	3434730	3450252	-	Glyma.15G043600.Wm82.a6.v1	Glyma.15G043600	ID=Glyma.15G043600.Wm82.a6.v1;Name=Glyma.15G043600;ancestorIdentifier=Glyma.15G043600.Wm82.a4.v1
Gm15	3454864	3457574	+	Glyma.15G043700.Wm82.a6.v1	Glyma.15G043700	ID=Glyma.15G043700.Wm82.a6.v1;Name=Glyma.15G043700;ancestorIdentifier=Glyma.15G043700.Wm82.a4.v1
Gm15	3458470	3462214	-	Glyma.15G043800.Wm82.a6.v1	Glyma.15G043800	ID=Glyma.15G043800.Wm82.a6.v1;Name=Glyma.15G043800;ancestorIdentifier=Glyma.15G043800.Wm82.a4.v1
Gm15	3478426	3481287	+	Glyma.15G043900.Wm82.a6.v1	Glyma.15G043900	ID=Glyma.15G043900.Wm82.a6.v1;Name=Glyma.15G043900;ancestorIdentifier=Glyma.15G043900.Wm82.a4.v1
Gm15	3484976	3485540	-	Glyma.15G044000.Wm82.a6.v1	Glyma.15G044000	ID=Glyma.15G044000.Wm82.a6.v1;Name=Glyma.15G044000;ancestorIdentifier=Glyma.15G044000.Wm82.a4.v1
Gm15	3494907	3495629	-	Glyma.15G044200.Wm82.a6.v1	Glyma.15G044200	ID=Glyma.15G044200.Wm82.a6.v1;Name=Glyma.15G044200;ancestorIdentifier=Glyma.15G044200.Wm82.a4.v1
Gm15	3501006	3506112	+	Glyma.15G044300.Wm82.a6.v1	Glyma.15G044300	ID=Glyma.15G044300.Wm82.a6.v1;Name=Glyma.15G044300;ancestorIdentifier=Glyma.15G044300.Wm82.a4.v1
Gm15	3528258	3533052	+	Glyma.15G044400.Wm82.a6.v1	Glyma.15G044400	ID=Glyma.15G044400.Wm82.a6.v1;Name=Glyma.15G044400;ancestorIdentifier=Glyma.15G044400.Wm82.a4.v1
Gm15	3539836	3553535	-	Glyma.15G044500.Wm82.a6.v1	Glyma.15G044500	ID=Glyma.15G044500.Wm82.a6.v1;Name=Glyma.15G044500;ancestorIdentifier=Glyma.15G044500.Wm82.a4.v1
Gm15	3556625	3559745	-	Glyma.15G044600.Wm82.a6.v1	Glyma.15G044600	ID=Glyma.15G044600.Wm82.a6.v1;Name=Glyma.15G044600;ancestorIdentifier=Glyma.15G044600.Wm82.a4.v1
Gm15	3562776	3573718	-	Glyma.15G044700.Wm82.a6.v1	Glyma.15G044700	ID=Glyma.15G044700.Wm82.a6.v1;Name=Glyma.15G044700;ancestorIdentifier=Glyma.15G044700.Wm82.a4.v1
Gm15	3587384	3589628	+	Glyma.15G044800.Wm82.a6.v1	Glyma.15G044800	ID=Glyma.15G044800.Wm82.a6.v1;Name=Glyma.15G044800;ancestorIdentifier=Glyma.15G044800.Wm82.a4.v1
Gm15	3593557	3600036	-	Glyma.15G044900.Wm82.a6.v1	Glyma.15G044900	ID=Glyma.15G044900.Wm82.a6.v1;Name=Glyma.15G044900;ancestorIdentifier=Glyma.15G044900.Wm82.a4.v1
Gm15	3605308	3606891	-	Glyma.15G045000.Wm82.a6.v1	Glyma.15G045000	ID=Glyma.15G045000.Wm82.a6.v1;Name=Glyma.15G045000;ancestorIdentifier=Glyma.15G045000.Wm82.a4.v1
Gm15	3611203	3616521	+	Glyma.15G045100.Wm82.a6.v1	Glyma.15G045100	ID=Glyma.15G045100.Wm82.a6.v1;Name=Glyma.15G045100;ancestorIdentifier=Glyma.15G045100.Wm82.a4.v1
Gm15	3622240	3624425	+	Glyma.15G045200.Wm82.a6.v1	Glyma.15G045200	ID=Glyma.15G045200.Wm82.a6.v1;Name=Glyma.15G045200;ancestorIdentifier=Glyma.15G045200.Wm82.a4.v1
Gm15	3636735	3639234	+	Glyma.15G045500.Wm82.a6.v1	Glyma.15G045500	ID=Glyma.15G045500.Wm82.a6.v1;Name=Glyma.15G045500;ancestorIdentifier=Glyma.15G045500.Wm82.a4.v1
Gm15	3641209	3644503	-	Glyma.15G045600.Wm82.a6.v1	Glyma.15G045600	ID=Glyma.15G045600.Wm82.a6.v1;Name=Glyma.15G045600;ancestorIdentifier=Glyma.15G045600.Wm82.a4.v1
Gm15	3658745	3660951	+	Glyma.15G045800.Wm82.a6.v1	Glyma.15G045800	ID=Glyma.15G045800.Wm82.a6.v1;Name=Glyma.15G045800;ancestorIdentifier=Glyma.15G045800.Wm82.a4.v1
Gm15	3661787	3668325	-	Glyma.15G045900.Wm82.a6.v1	Glyma.15G045900	ID=Glyma.15G045900.Wm82.a6.v1;Name=Glyma.15G045900;ancestorIdentifier=Glyma.15G045900.Wm82.a4.v1
Gm15	3669285	3676841	-	Glyma.15G046000.Wm82.a6.v1	Glyma.15G046000	ID=Glyma.15G046000.Wm82.a6.v1;Name=Glyma.15G046000;ancestorIdentifier=Glyma.15G046000.Wm82.a4.v1
Gm15	3679651	3682373	+	Glyma.15G046100.Wm82.a6.v1	Glyma.15G046100	ID=Glyma.15G046100.Wm82.a6.v1;Name=Glyma.15G046100;ancestorIdentifier=Glyma.15G046100.Wm82.a4.v1
Gm15	3686233	3689604	+	Glyma.15G046201.Wm82.a6.v1	Glyma.15G046201	ID=Glyma.15G046201.Wm82.a6.v1;Name=Glyma.15G046201;ancestorIdentifier=Glyma.15G046201.Wm82.a4.v1
Gm15	3690863	3692633	+	Glyma.15G046300.Wm82.a6.v1	Glyma.15G046300	ID=Glyma.15G046300.Wm82.a6.v1;Name=Glyma.15G046300;ancestorIdentifier=Glyma.15G046300.Wm82.a4.v1
Gm15	3695041	3704090	+	Glyma.15G046400.Wm82.a6.v1	Glyma.15G046400	ID=Glyma.15G046400.Wm82.a6.v1;Name=Glyma.15G046400;ancestorIdentifier=Glyma.15G046400.Wm82.a4.v1
Gm15	3706829	3708432	-	Glyma.15G046500.Wm82.a6.v1	Glyma.15G046500	ID=Glyma.15G046500.Wm82.a6.v1;Name=Glyma.15G046500;ancestorIdentifier=Glyma.15G046500.Wm82.a4.v1
Gm15	3713792	3718863	-	Glyma.15G046600.Wm82.a6.v1	Glyma.15G046600	ID=Glyma.15G046600.Wm82.a6.v1;Name=Glyma.15G046600;ancestorIdentifier=Glyma.15G046600.Wm82.a4.v1
Gm15	3721449	3722931	-	Glyma.15G046700.Wm82.a6.v1	Glyma.15G046700	ID=Glyma.15G046700.Wm82.a6.v1;Name=Glyma.15G046700;ancestorIdentifier=Glyma.15G046700.Wm82.a4.v1
Gm15	3724480	3724853	+	Glyma.15G046733.Wm82.a6.v1	Glyma.15G046733	ID=Glyma.15G046733.Wm82.a6.v1;Name=Glyma.15G046733;ancestorIdentifier=Glyma.15G046733.Wm82.a4.v1
Gm15	3726863	3728198	+	Glyma.15G046766.Wm82.a6.v1	Glyma.15G046766	ID=Glyma.15G046766.Wm82.a6.v1;Name=Glyma.15G046766;ancestorIdentifier=Glyma.15G046766.Wm82.a4.v1
Gm15	3728835	3730825	+	Glyma.15G046800.Wm82.a6.v1	Glyma.15G046800	ID=Glyma.15G046800.Wm82.a6.v1;Name=Glyma.15G046800;ancestorIdentifier=Glyma.15G046800.Wm82.a4.v1
Gm15	3731372	3733868	-	Glyma.15G046900.Wm82.a6.v1	Glyma.15G046900	ID=Glyma.15G046900.Wm82.a6.v1;Name=Glyma.15G046900;ancestorIdentifier=Glyma.15G046900.Wm82.a4.v1
Gm15	3734809	3737803	-	Glyma.15G047000.Wm82.a6.v1	Glyma.15G047000	ID=Glyma.15G047000.Wm82.a6.v1;Name=Glyma.15G047000;ancestorIdentifier=Glyma.15G047000.Wm82.a4.v1
Gm15	3738101	3748069	+	Glyma.15G047100.Wm82.a6.v1	Glyma.15G047100	ID=Glyma.15G047100.Wm82.a6.v1;Name=Glyma.15G047100;ancestorIdentifier=Glyma.15G047100.Wm82.a4.v1
Gm15	3750414	3753883	-	Glyma.15G047200.Wm82.a6.v1	Glyma.15G047200	ID=Glyma.15G047200.Wm82.a6.v1;Name=Glyma.15G047200;ancestorIdentifier=Glyma.15G047200.Wm82.a4.v1
Gm15	3754915	3757148	+	Glyma.15G047300.Wm82.a6.v1	Glyma.15G047300	ID=Glyma.15G047300.Wm82.a6.v1;Name=Glyma.15G047300;ancestorIdentifier=Glyma.15G047300.Wm82.a4.v1
Gm15	3757081	3760649	+	Glyma.15G047400.Wm82.a6.v1	Glyma.15G047400	ID=Glyma.15G047400.Wm82.a6.v1;Name=Glyma.15G047400;ancestorIdentifier=Glyma.15G047400.Wm82.a4.v1
Gm15	3761322	3765232	+	Glyma.15G047500.Wm82.a6.v1	Glyma.15G047500	ID=Glyma.15G047500.Wm82.a6.v1;Name=Glyma.15G047500;ancestorIdentifier=Glyma.15G047500.Wm82.a4.v1
Gm15	3764420	3771216	-	Glyma.15G047600.Wm82.a6.v1	Glyma.15G047600	ID=Glyma.15G047600.Wm82.a6.v1;Name=Glyma.15G047600;ancestorIdentifier=Glyma.15G047600.Wm82.a4.v1
Gm15	3776575	3779418	+	Glyma.15G047700.Wm82.a6.v1	Glyma.15G047700	ID=Glyma.15G047700.Wm82.a6.v1;Name=Glyma.15G047700;ancestorIdentifier=Glyma.15G047700.Wm82.a4.v1
Gm15	3780179	3785695	+	Glyma.15G047800.Wm82.a6.v1	Glyma.15G047800	ID=Glyma.15G047800.Wm82.a6.v1;Name=Glyma.15G047800;ancestorIdentifier=Glyma.15G047800.Wm82.a4.v1
Gm15	3792719	3796828	-	Glyma.15G048000.Wm82.a6.v1	Glyma.15G048000	ID=Glyma.15G048000.Wm82.a6.v1;Name=Glyma.15G048000;ancestorIdentifier=Glyma.15G048000.Wm82.a4.v1
Gm15	3797339	3812439	-	Glyma.15G048100.Wm82.a6.v1	Glyma.15G048100	ID=Glyma.15G048100.Wm82.a6.v1;Name=Glyma.15G048100;ancestorIdentifier=Glyma.15G048100.Wm82.a4.v1
Gm15	3814908	3817542	+	Glyma.15G048200.Wm82.a6.v1	Glyma.15G048200	ID=Glyma.15G048200.Wm82.a6.v1;Name=Glyma.15G048200;ancestorIdentifier=Glyma.15G048200.Wm82.a4.v1
Gm15	3818136	3822061	-	Glyma.15G048300.Wm82.a6.v1	Glyma.15G048300	ID=Glyma.15G048300.Wm82.a6.v1;Name=Glyma.15G048300;ancestorIdentifier=Glyma.15G048300.Wm82.a4.v1
Gm15	3824659	3828816	+	Glyma.15G048400.Wm82.a6.v1	Glyma.15G048400	ID=Glyma.15G048400.Wm82.a6.v1;Name=Glyma.15G048400;ancestorIdentifier=Glyma.15G048400.Wm82.a4.v1
Gm15	3826961	3835703	-	Glyma.15G048500.Wm82.a6.v1	Glyma.15G048500	ID=Glyma.15G048500.Wm82.a6.v1;Name=Glyma.15G048500;ancestorIdentifier=Glyma.15G048500.Wm82.a4.v1
Gm15	3836956	3841235	-	Glyma.15G048600.Wm82.a6.v1	Glyma.15G048600	ID=Glyma.15G048600.Wm82.a6.v1;Name=Glyma.15G048600;ancestorIdentifier=Glyma.15G048600.Wm82.a4.v1
Gm15	3845248	3849203	+	Glyma.15G048700.Wm82.a6.v1	Glyma.15G048700	ID=Glyma.15G048700.Wm82.a6.v1;Name=Glyma.15G048700;ancestorIdentifier=Glyma.15G048700.Wm82.a4.v1
Gm15	3854307	3857359	+	Glyma.15G048800.Wm82.a6.v1	Glyma.15G048800	ID=Glyma.15G048800.Wm82.a6.v1;Name=Glyma.15G048800;ancestorIdentifier=Glyma.15G048800.Wm82.a4.v1
Gm15	3858758	3861274	+	Glyma.15G048900.Wm82.a6.v1	Glyma.15G048900	ID=Glyma.15G048900.Wm82.a6.v1;Name=Glyma.15G048900;ancestorIdentifier=Glyma.15G048900.Wm82.a4.v1
Gm15	3862311	3862863	-	Glyma.15G048950.Wm82.a6.v1	Glyma.15G048950	ID=Glyma.15G048950.Wm82.a6.v1;Name=Glyma.15G048950;ancestorIdentifier=GmISU01.15G046000.v1.1
Gm15	3868466	3869950	+	Glyma.15G049000.Wm82.a6.v1	Glyma.15G049000	ID=Glyma.15G049000.Wm82.a6.v1;Name=Glyma.15G049000;ancestorIdentifier=Glyma.15G049000.Wm82.a4.v1
Gm15	3871405	3873045	+	Glyma.15G049100.Wm82.a6.v1	Glyma.15G049100	ID=Glyma.15G049100.Wm82.a6.v1;Name=Glyma.15G049100;ancestorIdentifier=Glyma.15G049100.Wm82.a4.v1
Gm15	3877063	3878963	-	Glyma.15G049200.Wm82.a6.v1	Glyma.15G049200	ID=Glyma.15G049200.Wm82.a6.v1;Name=Glyma.15G049200;ancestorIdentifier=Glyma.15G049200.Wm82.a4.v1
Gm15	3889032	3895943	+	Glyma.15G049300.Wm82.a6.v1	Glyma.15G049300	ID=Glyma.15G049300.Wm82.a6.v1;Name=Glyma.15G049300;ancestorIdentifier=Glyma.15G049300.Wm82.a4.v1
Gm15	3901175	3906654	-	Glyma.15G049500.Wm82.a6.v1	Glyma.15G049500	ID=Glyma.15G049500.Wm82.a6.v1;Name=Glyma.15G049500;ancestorIdentifier=Glyma.15G049500.Wm82.a4.v1
Gm15	3911976	3915136	-	Glyma.15G049600.Wm82.a6.v1	Glyma.15G049600	ID=Glyma.15G049600.Wm82.a6.v1;Name=Glyma.15G049600;ancestorIdentifier=Glyma.15G049600.Wm82.a4.v1
Gm15	3918342	3920817	-	Glyma.15G049700.Wm82.a6.v1	Glyma.15G049700	ID=Glyma.15G049700.Wm82.a6.v1;Name=Glyma.15G049700;ancestorIdentifier=Glyma.15G049700.Wm82.a4.v1
Gm15	3930074	3935817	-	Glyma.15G049800.Wm82.a6.v1	Glyma.15G049800	ID=Glyma.15G049800.Wm82.a6.v1;Name=Glyma.15G049800;ancestorIdentifier=Glyma.15G049800.Wm82.a4.v1
Gm15	3945181	3949050	-	Glyma.15G049900.Wm82.a6.v1	Glyma.15G049900	ID=Glyma.15G049900.Wm82.a6.v1;Name=Glyma.15G049900;ancestorIdentifier=Glyma.15G049900.Wm82.a4.v1
Gm15	3955945	3957507	-	Glyma.15G050000.Wm82.a6.v1	Glyma.15G050000	ID=Glyma.15G050000.Wm82.a6.v1;Name=Glyma.15G050000;ancestorIdentifier=Glyma.15G050000.Wm82.a4.v1
Gm15	3959018	3961724	-	Glyma.15G050101.Wm82.a6.v1	Glyma.15G050101	ID=Glyma.15G050101.Wm82.a6.v1;Name=Glyma.15G050101;ancestorIdentifier=Glyma.15G050101.Wm82.a4.v1
Gm15	3962852	3966933	-	Glyma.15G050200.Wm82.a6.v1	Glyma.15G050200	ID=Glyma.15G050200.Wm82.a6.v1;Name=Glyma.15G050200;ancestorIdentifier=Glyma.15G050200.Wm82.a4.v1
Gm15	3969364	3971379	+	Glyma.15G050300.Wm82.a6.v1	Glyma.15G050300	ID=Glyma.15G050300.Wm82.a6.v1;Name=Glyma.15G050300;ancestorIdentifier=Glyma.15G050300.Wm82.a4.v1
Gm15	3970868	3974001	-	Glyma.15G050350.Wm82.a6.v1	Glyma.15G050350	ID=Glyma.15G050350.Wm82.a6.v1;Name=Glyma.15G050350;ancestorIdentifier=Glyma.15G050350.Wm82.a4.v1
Gm15	3975698	3976598	+	Glyma.15G050400.Wm82.a6.v1	Glyma.15G050400	ID=Glyma.15G050400.Wm82.a6.v1;Name=Glyma.15G050400;ancestorIdentifier=Glyma.15G050400.Wm82.a4.v1
Gm15	3983161	3986530	+	Glyma.15G050500.Wm82.a6.v1	Glyma.15G050500	ID=Glyma.15G050500.Wm82.a6.v1;Name=Glyma.15G050500;ancestorIdentifier=Glyma.15G050500.Wm82.a4.v1
Gm15	3987561	3992076	-	Glyma.15G050600.Wm82.a6.v1	Glyma.15G050600	ID=Glyma.15G050600.Wm82.a6.v1;Name=Glyma.15G050600;ancestorIdentifier=Glyma.15G050600.Wm82.a4.v1
Gm15	3994315	3996309	+	Glyma.15G050700.Wm82.a6.v1	Glyma.15G050700	ID=Glyma.15G050700.Wm82.a6.v1;Name=Glyma.15G050700;ancestorIdentifier=Glyma.15G050700.Wm82.a4.v1
Gm15	3998453	4001795	+	Glyma.15G050800.Wm82.a6.v1	Glyma.15G050800	ID=Glyma.15G050800.Wm82.a6.v1;Name=Glyma.15G050800;ancestorIdentifier=Glyma.15G050800.Wm82.a4.v1
